Name,coordinates,FEATUREID,ΚΩΔΙΚΟΣ ΓΡΑΜΜΗΣ,DXF_LAYER,DESCRIPTION_GR,DESCRIPTION_EN
TLFN," 33.36494028300007,35.15998810200006,0 33.36494601000004,35.15998517400004,0",1,1232,TLFN,Περίφραξη,Fence
TLRDHS," 33.36042731100002,35.16139681300007,0 33.36046089800004,35.16142882100007,0",2,1200,TLRDHS,Ασφαλτοστρωμένος δρόμος (που δεν είναι εγγεγραμμένος),Road Hard Surface
TLRGRDHS," 33.35440870300005,35.16119371700006,0 33.35436391600007,35.16097015800006,0",3,2053,TLRGRDHS,Eγγεγραμμένος ασφαλτοστρωμένος δρόμος,Reg. Road Hard Surface
TLRDHS," 33.35423425700003,35.16105990900007,0 33.35423434700005,35.16105979900004,0 33.35423440800003,35.16105972400004,0 33.35423446900006,35.16105964900004,0 33.35423452900005,35.16105957400004,0 33.35423459000003,35.16105949900003,0 33.35423465100007,35.16105942300004,0 33.35423471000007,35.16105934800004,0 33.35423477100005,35.16105927200005,0 33.35423483000005,35.16105919600005,0 33.35423488900005,35.16105912000006,0 33.35423495000003,35.16105904600005,0 33.35423500900004,35.16105897000006,0 33.35423506800004,35.16105889400006,0 33.35423512700004,35.16105881800007,0 33.35423518500005,35.16105874200008,0 33.35423524400005,35.16105866500004,0 33.35423530300005,35.16105858900005,0 33.35423536100007,35.16105851300006,0 33.35423541900008,35.16105843600008,0 33.35423547800008,35.16105836000003,0 33.35423553600003,35.16105828400004,0 33.35423559300006,35.16105820700005,0 33.35423565100007,35.16105812900003,0 33.35423570700004,35.16105805400008,0 33.35423576500006,35.16105797600005,0 33.35423582300007,35.16105789900007,0 33.35423587900004,35.16105782200003,0 33.35423593700006,35.16105774500005,0 33.35423599300003,35.16105766800007,0 33.35423604900007,35.16105759100003,0 33.35423610500004,35.16105751300006,0 33.35423616200006,35.16105743600008,0 33.35423621800004,35.16105735800005,0 33.35423627400007,35.16105728100007,0 33.35423632900006,35.16105720200005,0 33.35423638500004,35.16105712500007,0 33.35423644000008,35.16105704700004,0 33.35423649600006,35.16105697000006,0 33.35423655100004,35.16105689100004,0 33.35423660500004,35.16105681300007,0 33.35423666000003,35.16105673600004,0 33.35423671500007,35.16105665700007,0 33.35423677000006,35.16105657900005,0 33.35423682300007,35.16105650000003,0 33.35423687800005,35.16105642200006,0 33.35423693100006,35.16105634400003,0 33.35423698600005,35.16105626500007,0 33.35423703900005,35.16105618600005,0 33.35423709200006,35.16105610700004,0 33.35423714500007,35.16105602900007,0 33.35423719800008,35.16105594900006,0 33.35423725200008,35.16105587100003,0 33.35423730300005,35.16105579100002,0 33.35423735700005,35.16105571300005,0 33.35423741000005,35.16105563300005,0 33.35423746200007,35.16105555400003,0 33.35423751300004,35.16105547400008,0 33.35423756500006,35.16105539600005,0 33.35423761700002,35.16105531600005,0 33.35423766900004,35.16105523700003,0 33.35423772000007,35.16105515700008,0 33.35423777200003,35.16105507700007,0 33.35423782200007,35.16105499800005,0 33.35423787400003,35.16105491700006,0 33.35423792400007,35.16105483700005,0 33.35423797500005,35.16105475800003,0 33.35423802600008,35.16105467700004,0 33.35423807700005,35.16105459700003,0 33.35423812700003,35.16105451800007,0 33.35423817600002,35.16105443700008,0 33.35423822600006,35.16105435600008,0 33.35423827600005,35.16105427700006,0 33.35423832500004,35.16105419600007,0 33.35423837500008,35.16105411500007,0 33.35423842400007,35.16105403400007,0 33.35423847300007,35.16105395500006,0 33.35423852200006,35.16105387400006,0 33.35423857000006,35.16105379300007,0 33.35423861900006,35.16105371200007,0 33.35423866800005,35.16105363100007,0 33.35423871500007,35.16105354900003,0 33.35423876400006,35.16105346900002,0 33.35423881100007,35.16105338800003,0 33.35423885800003,35.16105330700003,0 33.35423890600004,35.16105322500005,0 33.35423895300005,35.16105314400005,0 33.35423900000006,35.16105306200007,0 33.35423904800007,35.16105298100007,0 33.35423909500003,35.16105289900003,0 33.35423914100005,35.16105281800003,0 33.35423918800007,35.16105273600005,0 33.35423923400003,35.16105265400006,0 33.35423928100005,35.16105257200007,0 33.35423932700007,35.16105249000003,0 33.35423937200005,35.16105240800005,0 33.35423941800008,35.16105232700005,0 33.35423946300006,35.16105224500006,0 33.35423950800004,35.16105216200003,0 33.35423955400006,35.16105208000005,0 33.35423959800005,35.16105199800006,0 33.35423964300003,35.16105191600008,0 33.35423968800006,35.16105183400003,0 33.35423973300004,35.16105175100006,0 33.35423977700003,35.16105166900007,0 33.35423982100008,35.16105158700003,0 33.35423986400008,35.16105150400006,0 33.35423990800007,35.16105142200007,0 33.35423995300005,35.16105133800005,0 33.35423999600005,35.16105125500008,0 33.35424003800006,35.16105117300003,0 33.35424008300004,35.16105109000006,0 33.35424012500005,35.16105100700003,0 33.35424016800005,35.16105092300006,0 33.35424021000006,35.16105084100008,0 33.35424025200007,35.16105075800004,0 33.35424029500007,35.16105067500007,0 33.35424033600003,35.16105059200004,0 33.35424037900003,35.16105050800007,0 33.35424042100004,35.16105042400005,0 33.35424046200006,35.16105034100008,0 33.35424050300003,35.16105025700006,0 33.35424054400005,35.16105017400003,0 33.35424058600006,35.16105009000006,0 33.35424062700002,35.16105000700003,0 33.35424066700006,35.16104992300006,0 33.35424070800008,35.16104983900004,0 33.35424074800005,35.16104975600007,0 33.35424078800003,35.16104967100006,0 33.35424082800006,35.16104958800003,0 33.35424086800003,35.16104950400006,0 33.35424090700008,35.16104941900005,0 33.35424094700005,35.16104933600008,0 33.35424098700003,35.16104925100007,0 33.35424102500008,35.16104916700004,0 33.35424106500005,35.16104908300008,0 33.35424110300005,35.16104899800007,0 33.35424114200004,35.16104891400005,0 33.35424118000003,35.16104882900004,0 33.35424121800003,35.16104874500007,0 33.35424125700007,35.16104866000006,0 33.35424129500007,35.16104857600004,0 33.35424133200007,35.16104849100003,0 33.35424137000007,35.16104840700007,0 33.35424140700008,35.16104832200006,0 33.35424144500007,35.16104823700005,0 33.35424148200008,35.16104815200004,0 33.35424151900003,35.16104806800007,0 33.35424155600003,35.16104798200007,0 33.35424159100006,35.16104789800005,0 33.35424162800007,35.16104781200005,0 33.35424166500008,35.16104772800003,0 33.35424170000005,35.16104764200003,0 33.35424173600006,35.16104755600003,0 33.35424177300007,35.16104747200006,0 33.35424180800004,35.16104738600006,0 33.35424184300007,35.16104730100005,0 33.35424187700005,35.16104721600004,0 33.35424191200008,35.16104713100003,0 33.35424194800004,35.16104704500003,0 33.35424198200008,35.16104695900003,0 33.35424201700005,35.16104687400008,0 33.35424205100003,35.16104678800008,0 33.35424208500007,35.16104670200008,0 33.35424211900005,35.16104661700007,0 33.35424215200004,35.16104653100007,0 33.35424218600008,35.16104644500007,0 33.35424221900007,35.16104635800008,0 33.35424225300005,35.16104627300007,0 33.35424228500006,35.16104618700007,0 33.35424231900004,35.16104610100007,0 33.35424235100004,35.16104601500007,0 33.35424238400003,35.16104592900007,0 33.35424241600003,35.16104584300007,0 33.35424244800004,35.16104575600008,0 33.35424247900005,35.16104567100007,0 33.35424251200004,35.16104558400008,0 33.35424254200007,35.16104549800008,0 33.35424257500006,35.16104541100003,0 33.35424260600007,35.16104532400004,0 33.35424263700003,35.16104523900003,0 33.35424266700005,35.16104515200004,0 33.35424269800006,35.16104506500005,0 33.35424272900008,35.16104497900005,0 33.35424275900004,35.16104489300005,0 33.35424278900007,35.16104480600006,0 33.35424281900004,35.16104471900007,0 33.35424285000005,35.16104463200003,0 33.35424287900003,35.16104454500004,0 33.35424290800006,35.16104445800005,0 33.35424293800003,35.16104437100006,0 33.35424296600007,35.16104428500006,0 33.35424299500005,35.16104419800007,0 33.35424302500007,35.16104411100002,0 33.35424305200007,35.16104402400003,0 33.35424308000006,35.16104393700005,0 33.35424311000003,35.16104384900007,0 33.35424313800007,35.16104376200008,0 33.35424316600006,35.16104367500003,0 33.35424319200007,35.16104358800004,0 33.35424322000006,35.16104350000006,0 33.35424324800005,35.16104341300007,0 33.35424327400006,35.16104332500004,0 33.35424330200004,35.16104323900004,0 33.35424332800005,35.16104315200005,0 33.35424335500005,35.16104306400007,0 33.35424338100006,35.16104297700008,0 33.35424340800006,35.16104288900004,0 33.35424343400007,35.16104280100007,0 33.35424345900003,35.16104271400008,0 33.35424348500004,35.16104262600004,0 33.35424351000006,35.16104253900005,0 33.35424353500002,35.16104245100007,0 33.35424356000004,35.16104236300004,0 33.35424358500006,35.16104227500006,0 33.35424361000003,35.16104218800007,0 33.35424363500005,35.16104210000003,0 33.35424366000007,35.16104201200005,0 33.35424368300005,35.16104192400007,0 33.35424370800007,35.16104183500005,0 33.35424373200004,35.16104174700007,0 33.35424375500003,35.16104165900003,0 33.35424377900006,35.16104157100006,0 33.35424380200004,35.16104148300008,0 33.35424382500003,35.16104139500004,0 33.35424384900006,35.16104130700006,0 33.35424387100005,35.16104121900003,0 33.35424389400004,35.16104113100005,0 33.35424391600003,35.16104104300007,0 33.35424393800003,35.16104095500003,0 33.35424396000008,35.16104086500008,0 33.35424398200007,35.16104077700004,0 33.35424400400007,35.16104068900006,0 33.35424402600006,35.16104060100003,0 33.35424404600008,35.16104051200006,0 33.35424406800007,35.16104042400008,0 33.35424408900008,35.16104033600004,0 33.35424410900004,35.16104024700007,0 33.35424413000004,35.16104015900004,0 33.35424415000006,35.16104007000007,0 33.35424417100006,35.16103998100004,0 33.35424419100008,35.16103989300007,0 33.35424421000005,35.16103980400004,0 33.35424423000006,35.16103971600006,0 33.35424424900003,35.16103962600005,0 33.35424426800006,35.16103953800007,0 33.35424428900006,35.16103944900004,0 33.35424430800003,35.16103936000008,0 33.35424432500003,35.16103927200004,0 33.35424434400005,35.16103918300007,0 33.35424436300008,35.16103909300006,0 33.35424438100006,35.16103900500008,0 33.35424440000003,35.16103891600005,0 33.35424441700008,35.16103882700003,0 33.35424443500006,35.16103873900005,0 33.35424445200005,35.16103864900003,0 33.35424446900004,35.16103856000007,0 33.35424448700007,35.16103847100004,0 33.35424450300008,35.16103838200007,0 33.35424452000007,35.16103829300005,0 33.35424453600007,35.16103820400008,0 33.35424455200007,35.16103811500005,0 33.35424457000005,35.16103802600003,0 33.35424458600005,35.16103793600007,0 33.35424460000007,35.16103784700005,0 33.35424461600007,35.16103775800008,0 33.35424463200008,35.16103766900005,0 33.35424464700003,35.16103757900004,0 33.35424466300003,35.16103749000007,0 33.35424467700005,35.16103740100004,0 33.35424469200007,35.16103731100003,0 33.35424470600003,35.16103722200006,0 33.35424472100004,35.16103713300004,0 33.35424473500007,35.16103704400007,0 33.35424475000008,35.16103695400005,0 33.35424476300005,35.16103686500003,0 33.35424477700008,35.16103677500007,0 33.35424479000005,35.16103668500006,0 33.35424480300003,35.16103659600003,0 33.35424481600006,35.16103650700006,0 33.35424482900004,35.16103641800004,0 33.35424484200007,35.16103632700003,0 33.35424485400006,35.16103623800007,0 33.35424486700003,35.16103614900004,0 33.35424487800003,35.16103605900003,0 33.35424489100006,35.16103596900007,0 33.35424490300005,35.16103588000004,0 33.35424491400005,35.16103579000003,0 33.35424492600004,35.16103570000007,0 33.35424493700003,35.16103561100005,0 33.35424494700004,35.16103552100003,0 33.35424495900003,35.16103543100007,0 33.35424496900004,35.16103534200005,0 33.35424497900004,35.16103525200003,0 33.35424499100003,35.16103516200008,0 33.35424500100004,35.16103507300005,0 33.35424501100005,35.16103498200005,0 33.35424501900008,35.16103489300008,0 33.35424502900003,35.16103480400005,0 33.35424503900003,35.16103471300005,0 33.35424504800005,35.16103462400002,0 33.35424505600003,35.16103453300008,0 33.35424506600003,35.16103444400005,0 33.35424507500005,35.16103435400004,0 33.35424508300002,35.16103426500007,0 33.35424509000006,35.16103417400007,0 33.35424509900003,35.16103408500004,0 33.35424510800004,35.16103399400004,0 33.35424511500003,35.16103390400008,0 33.35424512200007,35.16103381500005,0 33.35424513000004,35.16103372400005,0 33.35424513700008,35.16103363500002,0 33.35424514400006,35.16103354400008,0 33.35424515000005,35.16103345500005,0 33.35424515700004,35.16103336500004,0 33.35424516400008,35.16103327400003,0 33.35424516900002,35.16103318500007,0 33.35424517500007,35.16103309500005,0 33.35424518200006,35.16103300500004,0 33.35424518800005,35.16103291500008,0 33.35424519300005,35.16103282400007,0 33.35424519700007,35.16103273500005,0 33.35424520300006,35.16103264500003,0 33.35424520800007,35.16103255400003,0 33.35424521200002,35.16103246500006,0 33.35424521700003,35.16103237500005,0 33.35424522200003,35.16103228400004,0 33.35424522600005,35.16103219500008,0 33.35424523000006,35.16103210400007,0 33.35424523400008,35.16103201400006,0 33.35424523700004,35.16103192300005,0 33.35424524100006,35.16103183400003,0 33.35424524400003,35.16103174400007,0 33.35424524800004,35.16103165300007,0 33.35424525000008,35.16103156400004,0 33.35424525300005,35.16103147400003,0 33.35424525500002,35.16103138300008,0 33.35424525800005,35.16103129300007,0 33.35424525900004,35.16103120400004,0 33.35424526200006,35.16103111300004,0 33.35424526300005,35.16103102300008,0 33.35424526500003,35.16103093300006,0 33.35424526600008,35.16103084300005,0 33.35424526800006,35.16103075200005,0 33.35424526900005,35.16103066200003,0 33.35424527000004,35.16103057300006,0 33.35424526900005,35.16103048200006,0 33.35424527000004,35.16103039200004,0 33.35424527000004,35.16103030100004,0 33.35424527100003,35.16103021200007,0 33.35424527100003,35.16103012200006,0 33.35424527000004,35.16103003100005,0 33.35424527000004,35.16102994100004,0 33.35424527000004,35.16102985200007,0 33.35424526900005,35.16102976100007,0 33.35424526700007,35.16102967100005,0 33.35424526700007,35.16102958000005,0 33.35424526500003,35.16102949100008,0 33.35424526300005,35.16102940100006,0 33.35424526100007,35.16102931000006,0 33.35424525900004,35.16102922000005,0 33.35424525800005,35.16102913100008,0 33.35424525600007,35.16102904000007,0 33.35424525200006,35.16102895000006,0 33.35424525000008,35.16102885900006,0 33.35424524700005,35.16102877000003,0 33.35424524400003,35.16102868000007,0 33.35424524000007,35.16102858900007,0 33.35424523700004,35.16102849900005,0 33.35424523400008,35.16102841000003,0 33.35424523000006,35.16102831900003,0 33.35424522500006,35.16102822900007,0 33.35424522200003,35.16102813900005,0 33.35424521700003,35.16102804900004,0 33.35424521200002,35.16102795900008,0 33.35424520700008,35.16102786900007,0 33.35424520300006,35.16102777900005,0 33.35424519800006,35.16102768900004,0 33.35424519300005,35.16102759800003,0 33.35424518800005,35.16102750900006,0 33.35424518200006,35.16102741800006,0 33.35424517500007,35.16102732900004,0 33.35424517000007,35.16102723900008,0 33.35424516400008,35.16102714800007,0 33.35424515800003,35.16102705900005,0 33.35424515000005,35.16102696900003,0 33.35424514400006,35.16102687800003,0 33.35424513700008,35.16102678900006,0 33.35424512900005,35.16102669900005,0 33.35424512300006,35.16102660800004,0 33.35424511500003,35.16102651900008,0 33.35424510700005,35.16102642900006,0 33.35424510000007,35.16102633900005,0 33.35424509200004,35.16102624900003,0 33.35424508200003,35.16102616000006,0 33.35424507500005,35.16102606900006,0 33.35424506500004,35.16102597900004,0 33.35424505700007,35.16102589000008,0 33.35424504800005,35.16102579900007,0 33.35424503900003,35.16102571000005,0 33.35424503000007,35.16102562000003,0 33.35424502000006,35.16102553100006,0 33.35424501100005,35.16102544000006,0 33.35424500000005,35.16102535100004,0 33.35424499100003,35.16102526200007,0 33.35424498000003,35.16102517100006,0 33.35424496900004,35.16102508200004,0 33.35424495800004,35.16102499200008,0 33.35424494800003,35.16102490300006,0 33.35424493700003,35.16102481200005,0 33.35424492600004,35.16102472300003,0 33.35424491500004,35.16102463400006,0 33.35424490300005,35.16102454300005,0 33.35424489100006,35.16102445400003,0 33.35424488000007,35.16102436500006,0 33.35424486700003,35.16102427500005,0 33.35424485500005,35.16102418500003,0 33.35424484300006,35.16102409600006,0 33.35424482900004,35.16102400600005,0 33.35424481700005,35.16102391700008,0 33.35424480300003,35.16102382700007,0 33.35424479100004,35.16102373800004,0 33.35424477700008,35.16102364800003,0 33.35424476300005,35.16102355900006,0 33.35424474900003,35.16102346900004,0 33.35424473600006,35.16102338000007,0 33.35424472200003,35.16102329100005,0 33.35424470600003,35.16102320100004,0 33.35424469300006,35.16102311100008,0 33.35424467700005,35.16102302200005,0 33.35424466200004,35.16102293300003,0 33.35424464800008,35.16102284400006,0 33.35424463300006,35.16102275500003,0 33.35424461600007,35.16102266600007,0 33.35424460100006,35.16102257600005,0 33.35424458600005,35.16102248700003,0 33.35424456900006,35.16102239800006,0 33.35424455400005,35.16102230900003,0 33.35424453700006,35.16102222000006,0 33.35424452000007,35.16102213100004,0 33.35424450400006,35.16102204100002,0 33.35424448700007,35.16102195200006,0 33.35424447000003,35.16102186300003,0 33.35424445200005,35.16102177400006,0 33.35424443500006,35.16102168500004,0 33.35424441700008,35.16102159700006,0 33.35424440000003,35.16102150800003,0 33.35424438200005,35.16102141800008,0 33.35424436300008,35.16102132900005,0 33.35424434500004,35.16102124100007,0 33.35424432700006,35.16102115200005,0 33.35424430700005,35.16102106300008,0 33.35424428900006,35.16102097400005,0 33.35424426900005,35.16102088600007,0 33.35424425000008,35.16102079700005,0 33.35424423100005,35.16102070700003,0 33.35424421200003,35.16102062000005,0 33.35424419200007,35.16102053000003,0 33.35424417100006,35.16102044200005,0 33.35424415100005,35.16102035300003,0 33.35424413100003,35.16102026500005,0 33.35424411000003,35.16102017600008,0 33.35424408900008,35.16102008800004,0 33.35424406900006,35.16101999900008,0 33.35424404800006,35.16101991100004,0 33.35424402700005,35.16101982200007,0 33.35424400400007,35.16101973400004,0 33.35424398300006,35.16101964600006,0 33.35424396100007,35.16101955700003,0 33.35424393900007,35.16101946900005,0 33.35424391600003,35.16101938100007,0 33.35424389500003,35.16101929300004,0",4,1200,TLRDHS,Ασφαλτοστρωμένος δρόμος (που δεν είναι εγγεγραμμένος),Road Hard Surface
TLRDHS," 33.35419213000006,35.16108261400007,0 33.35419228900003,35.16108259000004,0 33.35419239600003,35.16108257400003,0 33.35419250500007,35.16108255600005,0 33.35419261200008,35.16108254000005,0 33.35419272000007,35.16108252300006,0 33.35419282800007,35.16108250500002,0 33.35419293600006,35.16108248800003,0 33.35419304300007,35.16108247000005,0 33.35419315000007,35.16108245300006,0 33.35419325900006,35.16108243500003,0 33.35419336600006,35.16108241700005,0 33.35419347300007,35.16108239900007,0 33.35419358200005,35.16108238100003,0 33.35419368900006,35.16108236200006,0 33.35419379600006,35.16108234300003,0 33.35419390300007,35.16108232500005,0 33.35419401100006,35.16108230600003,0 33.35419411800007,35.16108228700006,0 33.35419422600006,35.16108226800003,0 33.35419433300007,35.16108224900006,0 33.35419444000007,35.16108222900004,0 33.35419454700008,35.16108220900003,0 33.35419465400003,35.16108218900007,0 33.35419476100003,35.16108216900005,0 33.35419486800004,35.16108215000003,0 33.35419497500004,35.16108213000007,0 33.35419508200005,35.16108211000005,0 33.35419518900005,35.16108208900005,0 33.35419529600006,35.16108206800004,0 33.35419540200007,35.16108204800003,0 33.35419550900008,35.16108202700008,0 33.35419561600003,35.16108200600007,0 33.35419572300003,35.16108198500007,0 33.35419582900005,35.16108196200003,0 33.35419593600005,35.16108194100008,0 33.35419604300006,35.16108192000007,0 33.35419614800003,35.16108189800008,0 33.35419625500003,35.16108187500004,0 33.35419636100005,35.16108185300004,0 33.35419646800006,35.16108183100005,0 33.35419657500006,35.16108180900005,0 33.35419668100008,35.16108178600007,0 33.35419678600005,35.16108176400007,0 33.35419689300005,35.16108174000004,0 33.35419699900007,35.16108171800005,0 33.35419710600007,35.16108169500006,0 33.35419721200003,35.16108167100003,0 33.35419731700006,35.16108164700006,0 33.35419742300007,35.16108162400008,0 33.35419753000008,35.16108160000005,0 33.35419763500005,35.16108157700006,0 33.35419774100006,35.16108155200004,0 33.35419784600003,35.16108152900006,0 33.35419795200005,35.16108150400004,0 33.35419805800007,35.16108148000006,0 33.35419816300004,35.16108145600003,0 33.35419826900005,35.16108143100007,0 33.35419837400008,35.16108140600005,0 33.35419848000004,35.16108138000004,0 33.35419858500006,35.16108135500008,0 33.35419869100008,35.16108132900007,0 33.35419879700004,35.16108130500004,0 33.35419890100008,35.16108127900003,0 33.35419900600004,35.16108125300008,0 33.35419911200006,35.16108122700007,0 33.35419921600004,35.16108120100006,0 33.35419932100007,35.16108117500005,0 33.35419942700003,35.16108114900004,0 33.35419953100006,35.16108112200004,0 33.35419963700008,35.16108109600003,0 33.35419974100006,35.16108106800004,0 33.35419984600003,35.16108104100005,0 33.35419995000007,35.16108101400005,0 33.35420005600003,35.16108098700005,0 33.35420016000006,35.16108096000005,0 33.35420026400004,35.16108093200006,0 33.35420036800008,35.16108090400007,0 33.35420047300005,35.16108087700007,0 33.35420057800008,35.16108084800004,0 33.35420068200006,35.16108082000005,0 33.35420078600004,35.16108079200006,0 33.35420089000007,35.16108076300003,0 33.35420099400005,35.16108073500004,0 33.35420109800003,35.16108070600006,0 33.35420120200007,35.16108067800008,0 33.35420130600005,35.16108064800005,0 33.35420141000003,35.16108062000006,0 33.35420151400007,35.16108059000004,0 33.35420161800005,35.16108056100006,0 33.35420172100004,35.16108053100004,0 33.35420182500008,35.16108050100007,0 33.35420192900006,35.16108047200004,0 33.35420203100006,35.16108044200007,0 33.35420213500004,35.16108041100006,0 33.35420223800003,35.16108038100003,0 33.35420234200007,35.16108035100007,0 33.35420244500006,35.16108032000005,0 33.35420254900004,35.16108028900004,0 33.35420265100004,35.16108025800003,0 33.35420275500007,35.16108022700007,0 33.35420285800007,35.16108019600006,0 33.35420296000007,35.16108016500004,0 33.35420306300006,35.16108013300004,0 33.35420316700004,35.16108010300007,0 33.35420327000003,35.16108007000003,0 33.35420337200003,35.16108003800008,0 33.35420347500008,35.16108000600008,0 33.35420357700008,35.16107997400007,0 33.35420368000007,35.16107994200007,0 33.35420378200007,35.16107991000007,0 33.35420388500006,35.16107987700008,0 33.35420398600007,35.16107984500007,0 33.35420408800007,35.16107981100004,0 33.35420419100007,35.16107977800004,0 33.35420429200008,35.16107974600004,0 33.35420439500007,35.16107971300005,0 33.35420449700007,35.16107967800008,0 33.35420459800002,35.16107964500003,0 33.35420470100007,35.16107961200004,0 33.35420480200003,35.16107957700007,0 33.35420490400003,35.16107954400007,0 33.35420500500004,35.16107950900005,0 33.35420510700004,35.16107947500007,0 33.35420520900004,35.16107944100003,0 33.35420531000005,35.16107940600006,0 33.35420541100007,35.16107937100003,0 33.35420551200008,35.16107933700005,0 33.35420561300003,35.16107930200008,0 33.35420571400005,35.16107926600006,0 33.35420581500006,35.16107923200008,0 33.35420591600007,35.16107919600006,0 33.35420601700002,35.16107916000004,0 33.35420611900003,35.16107912500007,0 33.35420622000004,35.16107908900005,0 33.35420631900007,35.16107905300004,0 33.35420642000003,35.16107901700008,0 33.35420652100004,35.16107898100006,0 33.35420662100006,35.16107894500004,0 33.35420672200007,35.16107890800004,0 33.35420682100005,35.16107887100003,0 33.35420692200006,35.16107883400008,0 33.35420702200003,35.16107879700007,0 33.35420712200005,35.16107876000007,0 33.35420722300006,35.16107872300006,0 33.35420732200004,35.16107868600005,0 33.35420742200006,35.16107864800006,0 33.35420752100004,35.16107861100005,0 33.35420762100006,35.16107857300005,0 33.35420772000003,35.16107853500006,0 33.35420782000006,35.16107849800005,0 33.35420792000008,35.16107845900007,0 33.35420801900006,35.16107842000002,0 33.35420811900008,35.16107838200003,0 33.35420821800005,35.16107834400003,0 33.35420831600004,35.16107830400006,0 33.35420841600006,35.16107826600006,0 33.35420851500004,35.16107822700008,0 33.35420861300003,35.16107818700004,0 33.35420871300005,35.16107814800006,0 33.35420881100004,35.16107810800003,0 33.35420890900008,35.16107806900004,0 33.35420900900004,35.16107803000006,0 33.35420910700003,35.16107799000002,0 33.35420920500008,35.16107795000005,0 33.35420930300006,35.16107791000007,0 33.35420940200004,35.16107787000004,0 33.35420950000002,35.16107782900008,0 33.35420959800007,35.16107778800006,0 33.35420969600006,35.16107774800003,0 33.35420979300005,35.16107770700006,0 33.35420989100004,35.16107766700003,0 33.35420998900003,35.16107762600007,0 33.35421008700007,35.16107758400005,0 33.35421018400007,35.16107754200004,0 33.35421028200005,35.16107750200007,0 33.35421038000004,35.16107746000006,0 33.35421047600005,35.16107741800005,0 33.35421057300005,35.16107737600004,0 33.35421067100003,35.16107733400003,0 33.35421076800003,35.16107729200007,0 33.35421086400004,35.16107724900007,0 33.35421096200003,35.16107720700006,0 33.35421105900008,35.16107716400006,0 33.35421115500003,35.16107712300004,0 33.35421125200003,35.16107708000004,0 33.35421134800004,35.16107703600005,0 33.35421144500003,35.16107699300005,0 33.35421154200003,35.16107695000005,0 33.35421163700005,35.16107690700005,0 33.35421173300006,35.16107686300006,0 33.35421183000005,35.16107682000006,0 33.35421192500007,35.16107677600007,0 33.35421202100002,35.16107673100004,0 33.35421211600004,35.16107668800004,0 33.35421221300004,35.16107664400005,0 33.35421230800006,35.16107660000006,0 33.35421240500006,35.16107655500008,0 33.35421250000007,35.16107651000004,0 33.35421259500004,35.16107646600005,0 33.35421269000005,35.16107642100008,0 33.35421278500007,35.16107637600004,0 33.35421288000003,35.16107633200005,0 33.35421297500005,35.16107628600003,0 33.35421307000007,35.16107624100005,0 33.35421316500003,35.16107619500008,0 33.35421325900006,35.16107615000004,0 33.35421335400002,35.16107610400007,0 33.35421344900004,35.16107605700006,0 33.35421354200003,35.16107601200002,0 33.35421363700004,35.16107596500007,0 33.35421373100007,35.16107592000003,0 33.35421382600003,35.16107587300007,0 33.35421391900007,35.16107582600006,0 33.35421401300005,35.16107578000003,0 33.35421410700008,35.16107573300008,0 33.35421420000006,35.16107568600006,0 33.35421429500008,35.16107563900005,0 33.35421438900005,35.16107559100004,0 33.35421448100004,35.16107554500007,0 33.35421457400003,35.16107549700007,0 33.35421466800005,35.16107545000006,0 33.35421476100004,35.16107540200005,0 33.35421485400008,35.16107535400005,0 33.35421494700006,35.16107530600004,0 33.35421504100003,35.16107525800004,0 33.35421513300003,35.16107521000004,0 33.35421522500008,35.16107516100004,0 33.35421531800006,35.16107511300004,0 33.35421541000005,35.16107506400005,0 33.35421550200005,35.16107501600004,0 33.35421559500003,35.16107496700005,0 33.35421568700008,35.16107491800005,0 33.35421577900007,35.16107486900006,0 33.35421587100007,35.16107482000007,0 33.35421596300006,35.16107477000003,0 33.35421605500005,35.16107472100003,0 33.35421614700005,35.16107467100005,0 33.35421623700006,35.16107462200006,0 33.35421633000004,35.16107457100003,0 33.35421642000006,35.16107452200004,0 33.35421651200005,35.16107447200005,0 33.35421660300005,35.16107442100008,0 33.35421669300007,35.16107437100004,0 33.35421678500006,35.16107432100006,0 33.35421687600007,35.16107427000003,0 33.35421696700007,35.16107421900006,0 33.35421705700003,35.16107416800003,0 33.35421714800003,35.16107411700006,0 33.35421723800005,35.16107406600003,0 33.35421732900005,35.16107401500005,0 33.35421741800008,35.16107396300004,0 33.35421750800003,35.16107391200006,0 33.35421759900004,35.16107386000005,0 33.35421768800006,35.16107380800003,0 33.35421777900007,35.16107375700005,0 33.35421786800004,35.16107370500004,0 33.35421795700006,35.16107365200003,0 33.35421804700007,35.16107360100006,0 33.35421813600004,35.16107354800005,0 33.35421822500007,35.16107349500004,0 33.35421831500003,35.16107344200003,0 33.35421840400005,35.16107338900008,0 33.35421849300008,35.16107333700006,0 33.35421858200004,35.16107328400005,0 33.35421866900003,35.16107323100005,0 33.35421875800006,35.16107317800004,0 33.35421884700003,35.16107312400004,0 33.35421893500006,35.16107307100003,0 33.35421902300004,35.16107301700004,0 33.35421911200007,35.16107296300004,0 33.35421919900006,35.16107290900004,0 33.35421928700004,35.16107285500004,0 33.35421937600006,35.16107280100005,0 33.35421946300005,35.16107274700005,0 33.35421955100003,35.16107269300005,0 33.35421963900006,35.16107263900005,0 33.35421972500006,35.16107258400007,0 33.35421981200005,35.16107253000007,0 33.35421990000003,35.16107247500003,0 33.35421998600003,35.16107241900005,0 33.35422007400007,35.16107236400006,0 33.35422016000007,35.16107230900008,0 33.35422024700006,35.16107225300004,0 33.35422033300006,35.16107219800006,0 33.35422041900006,35.16107214300007,0 33.35422050700004,35.16107208800003,0 33.35422059300004,35.16107203100006,0 33.35422067900004,35.16107197600007,0 33.35422076500004,35.16107192000004,0 33.35422085000005,35.16107186300008,0 33.35422093600005,35.16107180700004,0 33.35422102200005,35.16107175000008,0 33.35422110800005,35.16107169400004,0 33.35422119300006,35.16107163700008,0 33.35422127900006,35.16107158100004,0 33.35422136300008,35.16107152400008,0 33.35422144800003,35.16107146700006,0 33.35422153200005,35.16107141000003,0 33.35422161800005,35.16107135200008,0 33.35422170300006,35.16107129500006,0 33.35422178800008,35.16107123800003,0 33.35422187200004,35.16107118100007,0 33.35422195500007,35.16107112300006,0 33.35422204000003,35.16107106500004,0 33.35422212500004,35.16107100600004,0 33.35422220800007,35.16107094900008,0 33.35422229200003,35.16107089100007,0 33.35422237500006,35.16107083200006,0 33.35422246000007,35.16107077400005,0 33.35422254300005,35.16107071500005,0 33.35422262600002,35.16107065600005,0 33.35422270900006,35.16107059700005,0 33.35422279200003,35.16107053900004,0 33.35422287500006,35.16107048000004,0 33.35422295800004,35.16107042100003,0 33.35422304200006,35.16107036200003,0 33.35422312500003,35.16107030300003,0 33.35422320600003,35.16107024300004,0 33.35422328900006,35.16107018400004,0 33.35422337100005,35.16107012400005,0 33.35422345400008,35.16107006400006,0 33.35422353600006,35.16107000500006,0 33.35422361700006,35.16106994500007,0 33.35422369900005,35.16106988400003,0 33.35422378000004,35.16106982400004,0 33.35422386200003,35.16106976400005,0 33.35422394400007,35.16106970300007,0 33.35422402500007,35.16106964300008,0 33.35422410700005,35.16106958100005,0 33.35422418700006,35.16106952100006,0 33.35422426800005,35.16106946000008,0 33.35422434900005,35.16106940000003,0 33.35422443000005,35.16106933800006,0 33.35422451000005,35.16106927700002,0 33.35422459000006,35.16106921600004,0 33.35422467000007,35.16106915400007,0 33.35422475100006,35.16106909300004,0 33.35422483100007,35.16106903000008,0 33.35422491100007,35.16106896900004,0 33.35422499100002,35.16106890700007,0 33.35422507100003,35.16106884500005,0 33.35422515000005,35.16106878300008,0 33.35422523000005,35.16106872000006,0 33.35422530800003,35.16106865900008,0 33.35422538800003,35.16106859600006,0 33.35422546700005,35.16106853400004,0 33.35422554600007,35.16106847100008,0 33.35422562400004,35.16106840700007,0 33.35422570300005,35.16106834500005,0 33.35422578100003,35.16106828200003,0 33.35422586000004,35.16106821800003,0 33.35422593900006,35.16106815600006,0 33.35422601600004,35.16106809200005,0 33.35422609400007,35.16106802800005,0 33.35422617100005,35.16106796600008,0 33.35422625000007,35.16106790200007,0 33.35422632700005,35.16106783800007,0 33.35422640400003,35.16106777400006,0 33.35422648100007,35.16106771100004,0 33.35422656000003,35.16106764600005,0 33.35422663600008,35.16106758200004,0 33.35422671300006,35.16106751700005,0 33.35422679000004,35.16106745300004,0 33.35422686700008,35.16106738800005,0 33.35422694300007,35.16106732400004,0 33.35422702000005,35.16106725900005,0 33.35422709500006,35.16106719400005,0 33.35422717200004,35.16106712900006,0 33.35422724800003,35.16106706400007,0 33.35422732400008,35.16106699900007,0 33.35422739900002,35.16106693400008,0 33.35422747500007,35.16106686800003,0 33.35422755100007,35.16106680300004,0 33.35422762600007,35.16106673800005,0 33.35422770000002,35.16106667200006,0 33.35422777600007,35.16106660600008,0 33.35422785200007,35.16106654100003,0 33.35422792600008,35.16106647400005,0 33.35422800000004,35.16106640800007,0 33.35422807500004,35.16106634200003,0 33.35422815000004,35.16106627600004,0 33.35422822400005,35.16106620900007,0 33.35422829800007,35.16106614200004,0 33.35422837200008,35.16106607600005,0 33.35422844600004,35.16106601000007,0 33.35422851900006,35.16106594200005,0 33.35422859300007,35.16106587600007,0 33.35422866500005,35.16106580800005,0 33.35422874000005,35.16106574100007,0 33.35422881200003,35.16106567400004,0 33.35422888500006,35.16106560700007,0 33.35422895800008,35.16106554000004,0 33.35422903000006,35.16106547100003,0 33.35422910300008,35.16106540400006,0 33.35422917500006,35.16106533600004,0 33.35422924800002,35.16106526900006,0 33.35422932100005,35.16106520000005,0 33.35422939200004,35.16106513300008,0 33.35422946400007,35.16106506400007,0 33.35422953600005,35.16106499700004,0 33.35422960800003,35.16106492800003,0 33.35422967900007,35.16106485900008,0 33.35422975100005,35.16106479100006,0 33.35422982200004,35.16106472200005,0 33.35422989300002,35.16106465400003,0 33.35422996400007,35.16106458500008,0 33.35423003400007,35.16106451600007,0 33.35423010500006,35.16106444800005,0 33.35423017400007,35.16106437800005,0 33.35423024600004,35.16106430900004,0 33.35423031500005,35.16106423900004,0 33.35423038600004,35.16106416900004,0 33.35423045600004,35.16106410100008,0 33.35423052600004,35.16106403100002,0 33.35423059500005,35.16106396100003,0 33.35423066500005,35.16106389100003,0 33.35423073300007,35.16106382100003,0 33.35423080300006,35.16106375100003,0 33.35423087200007,35.16106368100003,0 33.35423094100003,35.16106361200008,0 33.35423100900005,35.16106354000004,0 33.35423107800006,35.16106347100003,0 33.35423114700006,35.16106339900006,0 33.35423121500003,35.16106333000005,0 33.35423128300005,35.16106325900006,0 33.35423135100007,35.16106318700003,0 33.35423141900003,35.16106311800007,0 33.35423148600006,35.16106304600004,0 33.35423155400008,35.16106297500005,0 33.35423162200004,35.16106290400006,0 33.35423168900007,35.16106283300007,0 33.35423175500006,35.16106276100004,0 33.35423182400007,35.16106269000005,0 33.35423189000005,35.16106261900006,0 33.35423195700003,35.16106254600004,0 33.35423202400006,35.16106247500005,0 33.35423208900005,35.16106240300007,0 33.35423215500003,35.16106233200003,0 33.35423222200006,35.16106226000005,0 33.35423228700006,35.16106218700003,0 33.35423235400003,35.16106211500005,0 33.35423241900003,35.16106204300007,0 33.35423248400008,35.16106197000005,0 33.35423254900007,35.16106189800007,0 33.35423261500006,35.16106182600004,0 33.35423268000005,35.16106175400006,0 33.35423274500005,35.16106168100004,0 33.35423281000004,35.16106160800007,0 33.35423287400005,35.16106153500004,0 33.35423293900004,35.16106146200008,0 33.35423300300005,35.16106139000004,0 33.35423306800004,35.16106131600003,0 33.35423313200005,35.16106124300006,0 33.35423319500006,35.16106116900005,0 33.35423325900007,35.16106109600003,0 33.35423332300007,35.16106102200007,0 33.35423338600003,35.16106094800006,0 33.35423344800006,35.16106087500003,0 33.35423351200006,35.16106080100008,0 33.35423357600007,35.16106072800005,0 33.35423363800004,35.16106065300005,0 33.35423370000007,35.16106058000003,0 33.35423376200004,35.16106050500008,0 33.35423382600004,35.16106043100007,0 33.35423388800007,35.16106035700005,0 33.35423394900005,35.16106028300004,0 33.35423401100007,35.16106020800004,0 33.35423407300004,35.16106013400002,0 33.35423413400002,35.16106005900008,0 33.35423419600005,35.16105998400008,0 33.35423425700003,35.16105990900007,0",5,1200,TLRDHS,Ασφαλτοστρωμένος δρόμος (που δεν είναι εγγεγραμμένος),Road Hard Surface
TLRDHS," 33.35408539600007,35.16110052100004,0 33.35419213000006,35.16108261400007,0",6,1200,TLRDHS,Ασφαλτοστρωμένος δρόμος (που δεν είναι εγγεγραμμένος),Road Hard Surface
TLRDHS," 33.35416332900007,35.16066780200003,0 33.35381485400006,35.16073363100003,0",7,1200,TLRDHS,Ασφαλτοστρωμένος δρόμος (που δεν είναι εγγεγραμμένος),Road Hard Surface
TLRDHS," 33.35415722700003,35.16054627500006,0 33.35418433100006,35.16064078900007,0",8,1200,TLRDHS,Ασφαλτοστρωμένος δρόμος (που δεν είναι εγγεγραμμένος),Road Hard Surface
TLRDHS," 33.35412331000003,35.16042705700005,0 33.35415722700003,35.16054627500006,0",9,1200,TLRDHS,Ασφαλτοστρωμένος δρόμος (που δεν είναι εγγεγραμμένος),Road Hard Surface
TLRDHS," 33.35411847800003,35.16077622700004,0 33.35384180400007,35.16083039000006,0",10,1200,TLRDHS,Ασφαλτοστρωμένος δρόμος (που δεν είναι εγγεγραμμένος),Road Hard Surface
TLRDHS," 33.35424389500003,35.16101929300004,0 33.35420153400003,35.16082120700003,0",11,1200,TLRDHS,Ασφαλτοστρωμένος δρόμος (που δεν είναι εγγεγραμμένος),Road Hard Surface
TLRDHS," 33.35417192400007,35.16078387700003,0 33.35417089400005,35.16078332900003,0 33.35416988500003,35.16078281500006,0 33.35416886700006,35.16078231500006,0 33.35416783800002,35.16078183000008,0 33.35416680000003,35.16078136000004,0 33.35416575000005,35.16078090400004,0 33.35416469300003,35.16078046400003,0 33.35416362500007,35.16078003800004,0 33.35416254700004,35.16077962800006,0 33.35416146400007,35.16077923400007,0 33.35416037000005,35.16077885600004,0 33.35415926800005,35.16077849300007,0 33.35415816100004,35.16077814600004,0 33.35415704500008,35.16077781500007,0 33.35415592100003,35.16077750000005,0 33.35415479300008,35.16077720000004,0 33.35415365800003,35.16077691800007,0 33.35415251700005,35.16077665200004,0 33.35415137000007,35.16077640100008,0 33.35415021800003,35.16077616800004,0 33.35414906100004,35.16077595100006,0 33.35414789900005,35.16077575000003,0 33.35414673400004,35.16077556700003,0 33.35414556500007,35.16077540000003,0 33.35414439300007,35.16077525000003,0 33.35414321800005,35.16077511600003,0 33.35414204100005,35.16077500000006,0 33.35414086000003,35.16077490100003,0 33.35413967800002,35.16077481700006,0 33.35413849400004,35.16077475200007,0 33.35413730900007,35.16077470300007,0 33.35413612300005,35.16077467100007,0 33.35413493700003,35.16077465600006,0 33.35413375100006,35.16077465900003,0 33.35413256500004,35.16077467800005,0 33.35413137900008,35.16077471400007,0 33.35413019400005,35.16077476700008,0 33.35412901100006,35.16077483700008,0 33.35412782800006,35.16077492500006,0 33.35412665000007,35.16077502900004,0 33.35412547200008,35.16077515000006,0 33.35412429800005,35.16077528700004,0 33.35412312600005,35.16077544200005,0 33.35412195800006,35.16077561300006,0 33.35412079400004,35.16077580100006,0 33.35411963400003,35.16077600600005,0 33.35411847800003,35.16077622700004,0",12,1200,TLRDHS,Ασφαλτοστρωμένος δρόμος (που δεν είναι εγγεγραμμένος),Road Hard Surface
TLRDHS," 33.35420153400003,35.16082120700003,0 33.35420131800004,35.16082021600005,0 33.35420109100005,35.16081925900005,0 33.35420084100008,35.16081830700006,0 33.35420057400006,35.16081735800003,0 33.35420028400006,35.16081641300008,0 33.35419997500003,35.16081547200002,0 33.35419964600004,35.16081453600003,0 33.35419929700004,35.16081360400006,0 33.35419892800007,35.16081267800007,0 33.35419854000003,35.16081175700003,0 33.35419813300007,35.16081084300004,0 33.35419770600004,35.16080993400004,0 33.35419726000004,35.16080903000005,0 33.35419679400008,35.16080813500003,0 33.35419631100007,35.16080724500006,0 33.35419580700005,35.16080636300006,0 33.35419528500006,35.16080548800005,0 33.35419474400004,35.16080462100007,0 33.35419418500004,35.16080376100007,0 33.35419360800006,35.16080290900004,0 33.35419301400003,35.16080206600003,0 33.35419240200002,35.16080123200004,0 33.35419177100005,35.16080040700007,0 33.35419112300008,35.16079959100006,0 33.35419045800006,35.16079878400007,0 33.35418977500007,35.16079798600003,0 33.35418907700006,35.16079719900006,0 33.35418836100007,35.16079642200003,0 33.35418763000007,35.16079565600006,0 33.35418688100003,35.16079489900005,0 33.35418611700004,35.16079415400003,0 33.35418533700005,35.16079341900007,0 33.35418454200004,35.16079269700003,0 33.35418373100004,35.16079198600005,0 33.35418290500007,35.16079128500007,0 33.35418206500003,35.16079059700007,0 33.35418120900005,35.16078992200005,0 33.35418034000003,35.16078925900007,0 33.35417945800003,35.16078860800008,0 33.35417856100003,35.16078797000006,0 33.35417765200003,35.16078734500007,0 33.35417672800003,35.16078673300007,0 33.35417579200004,35.16078613500002,0 33.35417484300007,35.16078555000007,0 33.35417388200006,35.16078497800004,0 33.35417290900006,35.16078442100007,0 33.35417192400007,35.16078387700003,0",13,1200,TLRDHS,Ασφαλτοστρωμένος δρόμος (που δεν είναι εγγεγραμμένος),Road Hard Surface
TLRDHS," 33.35417900700003,35.16065701000008,0 33.35417908400007,35.16065691100005,0 33.35417914100003,35.16065683500005,0 33.35417920000003,35.16065675900006,0 33.35417925800005,35.16065668200002,0 33.35417931600006,35.16065660600003,0 33.35417937200003,35.16065652900005,0 33.35417943000005,35.16065645200007,0 33.35417948600008,35.16065637400004,0 33.35417954200005,35.16065629700006,0 33.35417959800003,35.16065622000008,0 33.35417965500005,35.16065614200005,0 33.35417971100003,35.16065606500007,0 33.35417976600007,35.16065598600005,0 33.35417982000007,35.16065590900007,0 33.35417987500006,35.16065583100004,0 33.35417993000004,35.16065575200003,0 33.35417998300005,35.16065567400005,0 33.35418003600006,35.16065559400005,0 33.35418009100005,35.16065551600008,0 33.35418014300007,35.16065543800005,0 33.35418019600007,35.16065535800004,0 33.35418024900002,35.16065527800004,0 33.35418030100004,35.16065520000007,0 33.35418035300006,35.16065512000006,0 33.35418040400003,35.16065504100004,0 33.35418045500006,35.16065496100003,0 33.35418050600003,35.16065488000004,0 33.35418055700006,35.16065480100008,0 33.35418060700005,35.16065472100007,0 33.35418065700003,35.16065464000008,0 33.35418070600008,35.16065456000007,0 33.35418075600006,35.16065448000006,0 33.35418080500006,35.16065439900007,0 33.35418085400005,35.16065431800007,0 33.35418090100006,35.16065423800006,0 33.35418095000006,35.16065415500003,0 33.35418099700007,35.16065407500003,0 33.35418104400003,35.16065399400003,0 33.35418109200003,35.16065391200004,0 33.35418113900005,35.16065383100005,0 33.35418118500007,35.16065374900006,0 33.35418123100004,35.16065366700008,0 33.35418127600008,35.16065358500003,0 33.35418132200005,35.16065350300005,0 33.35418136800007,35.16065342100006,0 33.35418141200006,35.16065333900008,0 33.35418145600005,35.16065325700004,0 33.35418150100003,35.16065317400006,0 33.35418154500007,35.16065309200008,0 33.35418158800007,35.16065300800005,0 33.35418163200006,35.16065292500008,0 33.35418167500006,35.16065284300004,0 33.35418171800006,35.16065276000006,0 33.35418175900003,35.16065267700003,0 33.35418180200003,35.16065259300007,0 33.35418184300005,35.16065250900005,0 33.35418188400007,35.16065242600007,0 33.35418192400005,35.16065234200005,0 33.35418196600006,35.16065225800003,0 33.35418200500004,35.16065217500005,0 33.35418204500007,35.16065209000004,0 33.35418208500005,35.16065200700007,0 33.35418212500008,35.16065192300005,0 33.35418216300008,35.16065183800004,0 33.35418220200006,35.16065175400007,0 33.35418224000006,35.16065166900006,0 33.35418227800005,35.16065158500004,0 33.35418231700004,35.16065150000003,0 33.35418235300006,35.16065141500008,0 33.35418239000006,35.16065133000006,0 33.35418242700007,35.16065124600004,0 33.35418246400008,35.16065116000004,0 33.35418249900005,35.16065107600008,0 33.35418253500006,35.16065099000008,0 33.35418257000004,35.16065090400008,0 33.35418260500006,35.16065081900007,0 33.35418263900004,35.16065073300007,0 33.35418267400007,35.16065064700007,0 33.35418270800005,35.16065056200006,0 33.35418274100005,35.16065047600006,0 33.35418277500003,35.16065039100005,0 33.35418280700003,35.16065030500005,0 33.35418284100007,35.16065021800006,0 33.35418287300007,35.16065013200006,0 33.35418290400003,35.16065004700005,0 33.35418293600003,35.16064996000006,0 33.35418296700004,35.16064987300007,0 33.35418299800006,35.16064978700007,0 33.35418302900007,35.16064970000008,0 33.35418305800005,35.16064961400008,0 33.35418308900006,35.16064952700003,0 33.35418311900003,35.16064944000004,0 33.35418314800006,35.16064935300005,0 33.35418317600005,35.16064926600006,0 33.35418320500003,35.16064917900008,0 33.35418323300007,35.16064909200003,0 33.35418326100006,35.16064900600003,0 33.35418328900005,35.16064891700006,0 33.35418331600005,35.16064883100006,0 33.35418334200006,35.16064874300002,0 33.35418336800007,35.16064865600004,0 33.35418339500006,35.16064856800006,0 33.35418342100007,35.16064848100007,0 33.35418344600004,35.16064839300003,0 33.35418347100006,35.16064830500005,0 33.35418349600008,35.16064821600003,0 33.35418352100004,35.16064813000003,0 33.35418354400008,35.16064804200005,0 33.35418356800005,35.16064795400007,0 33.35418359100004,35.16064786500004,0 33.35418361500007,35.16064777700007,0 33.35418363700006,35.16064768900003,0 33.35418366000005,35.16064760000006,0 33.35418368200004,35.16064751200003,0 33.35418370400004,35.16064742400005,0 33.35418372400005,35.16064733600007,0 33.35418374500006,35.16064724700004,0 33.35418376700005,35.16064715800007,0 33.35418378600008,35.16064706900005,0 33.35418380600004,35.16064698100007,0 33.35418382500006,35.16064689200005,0 33.35418384600007,35.16064680400007,0 33.35418386400005,35.16064671500004,0 33.35418388200003,35.16064662600007,0 33.35418390100006,35.16064653700005,0 33.35418391800005,35.16064644800008,0 33.35418393600003,35.16064635900005,0 33.35418395300007,35.16064627100008,0 33.35418396900008,35.16064618100006,0 33.35418398500008,35.16064609200004,0 33.35418400100008,35.16064600300007,0 33.35418401700008,35.16064591300005,0 33.35418403300002,35.16064582400003,0 33.35418404800004,35.16064573500006,0 33.35418406200006,35.16064564600004,0 33.35418407700007,35.16064555600008,0 33.35418409100004,35.16064546700005,0 33.35418410400007,35.16064537800003,0 33.35418411700005,35.16064528700008,0 33.35418413000008,35.16064519800005,0 33.35418414300006,35.16064510900003,0 33.35418415600003,35.16064502000006,0 33.35418416800007,35.16064493000005,0 33.35418417900007,35.16064484000003,0 33.35418418900008,35.16064475100006,0 33.35418420100007,35.16064466000006,0 33.35418421100007,35.16064457100003,0 33.35418422100003,35.16064448200007,0 33.35418423100003,35.16064439100006,0 33.35418424100004,35.16064430200004,0 33.35418425000006,35.16064421100003,0 33.35418425800003,35.16064412200007,0 33.35418426700005,35.16064403200005,0 33.35418427500008,35.16064394200004,0 33.35418428200006,35.16064385200008,0 33.35418428900005,35.16064376300005,0 33.35418429600003,35.16064367200005,0 33.35418430300007,35.16064358200003,0 33.35418430900006,35.16064349300007,0 33.35418431400007,35.16064340200006,0 33.35418432000006,35.16064331300004,0 33.35418432600005,35.16064322200003,0 33.35418433100006,35.16064313200008,0 33.35418433500007,35.16064304300005,0 33.35418433900003,35.16064295200005,0 33.35418434300004,35.16064286200003,0 33.35418434600007,35.16064277100003,0 33.35418434900004,35.16064268200006,0 33.35418435300005,35.16064259200005,0 33.35418435400004,35.16064250100004,0 33.35418435600008,35.16064241200007,0 33.35418435700007,35.16064232200006,0 33.35418435800006,35.16064223100005,0 33.35418436000003,35.16064214100004,0 33.35418436100008,35.16064205100003,0 33.35418436000003,35.16064196100007,0 33.35418436000003,35.16064187100005,0 33.35418436000003,35.16064178000005,0 33.35418435900004,35.16064169100002,0 33.35418435900004,35.16064160000008,0 33.35418435700007,35.16064151000006,0 33.35418435500003,35.16064142000005,0 33.35418435200006,35.16064133000003,0 33.35418435000003,35.16064124000008,0 33.35418434600007,35.16064114900007,0 33.35418434300004,35.16064105900006,0 33.35418434000007,35.16064097000003,0 33.35418433600006,35.16064087900003,0 33.35418433100006,35.16064078900007,0",14,1200,TLRDHS,Ασφαλτοστρωμένος δρόμος (που δεν είναι εγγεγραμμένος),Road Hard Surface
TLRDHS," 33.35416332900007,35.16066780200003,0 33.35416346200003,35.16066775800005,0 33.35416356300004,35.16066772300007,0 33.35416366400006,35.16066768700006,0 33.35416376500007,35.16066765200003,0 33.35416386400004,35.16066761600007,0 33.35416396500006,35.16066758000005,0 33.35416406600007,35.16066754400003,0 33.35416416600003,35.16066750700003,0 33.35416426700004,35.16066747000008,0 33.35416436700007,35.16066743300007,0 33.35416446600004,35.16066739500008,0 33.35416456600007,35.16066735800007,0 33.35416466500004,35.16066732000007,0 33.35416476500006,35.16066728200008,0 33.35416486400004,35.16066724400002,0 33.35416496400006,35.16066720600003,0 33.35416506200005,35.16066716600005,0 33.35416516100003,35.16066712700007,0 33.35416526000006,35.16066708700004,0 33.35416535900004,35.16066704800005,0 33.35416545700008,35.16066700700003,0 33.35416555500007,35.16066696800004,0 33.35416565300005,35.16066692700008,0 33.35416575100004,35.16066688700005,0 33.35416584900003,35.16066684500004,0 33.35416594600002,35.16066680400007,0 33.35416604400007,35.16066676200006,0 33.35416614000008,35.16066672100004,0 33.35416623900005,35.16066667900003,0 33.35416633500006,35.16066663600003,0 33.35416643200006,35.16066659400008,0 33.35416652800006,35.16066655100008,0 33.35416662500006,35.16066650800008,0 33.35416672100007,35.16066646500008,0 33.35416681600003,35.16066642000004,0 33.35416691300003,35.16066637700004,0 33.35416700800005,35.16066633300005,0 33.35416710500005,35.16066628900006,0 33.35416720000006,35.16066624300004,0 33.35416729500003,35.16066619900005,0 33.35416739000004,35.16066615400007,0 33.35416748500006,35.16066610800004,0 33.35416758000002,35.16066606300007,0 33.35416767300006,35.16066601700004,0 33.35416776800003,35.16066597000003,0 33.35416786200005,35.16066592500005,0 33.35416795600003,35.16066587800003,0 33.35416805100005,35.16066583100007,0 33.35416814400003,35.16066578300007,0 33.35416823600008,35.16066573700005,0 33.35416833000005,35.16066568900004,0 33.35416842300003,35.16066564100004,0 33.35416851500003,35.16066559300003,0 33.35416860900006,35.16066554500003,0 33.35416870100005,35.16066549600004,0 33.35416879300004,35.16066544700004,0 33.35416888500004,35.16066539700006,0 33.35416897700003,35.16066534800007,0 33.35416906900008,35.16066529900007,0 33.35416916000003,35.16066525000008,0 33.35416925200008,35.16066520000004,0 33.35416934200003,35.16066514900007,0 33.35416943300004,35.16066509900003,0 33.35416952500003,35.16066504700007,0 33.35416961400006,35.16066499700003,0 33.35416970500006,35.16066494500007,0 33.35416979500008,35.16066489400004,0 33.35416988600008,35.16066484200007,0 33.35416997500005,35.16066479000006,0 33.35417006400007,35.16066473800004,0 33.35417015300004,35.16066468600008,0 33.35417024200007,35.16066463300007,0 33.35417033100003,35.16066458000006,0 33.35417042000006,35.16066452600006,0 33.35417050900003,35.16066447400004,0 33.35417059700006,35.16066442000005,0 33.35417068500004,35.16066436700004,0 33.35417077200003,35.16066431100006,0 33.35417086000007,35.16066425700006,0 33.35417094700006,35.16066420300007,0 33.35417103500004,35.16066414800002,0 33.35417112200003,35.16066409300004,0 33.35417120800003,35.16066403800005,0 33.35417129500007,35.16066398200007,0 33.35417138200006,35.16066392700003,0 33.35417146800006,35.16066387100005,0 33.35417155300007,35.16066381500008,0 33.35417163900007,35.16066375900005,0 33.35417172500007,35.16066370200008,0 33.35417181000003,35.16066364500006,0 33.35417189400005,35.16066358800003,0 33.35417198000005,35.16066353100007,0 33.35417206300008,35.16066347300006,0 33.35417214800003,35.16066341500005,0 33.35417223200005,35.16066335800008,0 33.35417231600007,35.16066330000007,0 33.35417240000004,35.16066324100007,0 33.35417248300007,35.16066318300005,0 33.35417256600005,35.16066312400005,0 33.35417264900008,35.16066306400006,0 33.35417273300004,35.16066300500006,0 33.35417281400004,35.16066294600006,0 33.35417289700007,35.16066288600007,0 33.35417297900006,35.16066282600008,0 33.35417306000005,35.16066276600003,0 33.35417314200004,35.16066270600004,0 33.35417322400008,35.16066264600005,0 33.35417330500007,35.16066258400008,0 33.35417338500002,35.16066252300004,0 33.35417346500003,35.16066246300005,0 33.35417354500004,35.16066240000004,0 33.35417362600003,35.16066233900006,0 33.35417370600004,35.16066227800008,0 33.35417378600005,35.16066221500006,0 33.35417386400007,35.16066215300003,0 33.35417394500007,35.16066209100006,0 33.35417402300004,35.16066202700006,0 33.35417410200006,35.16066196500003,0 33.35417418000003,35.16066190200007,0 33.35417425900005,35.16066183800007,0 33.35417433600003,35.16066177500005,0 33.35417441300007,35.16066171100005,0 33.35417449200003,35.16066164700004,0 33.35417456900007,35.16066158300004,0 33.35417464500006,35.16066152000008,0 33.35417472200004,35.16066145500002,0 33.35417479900008,35.16066139000003,0 33.35417487400008,35.16066132500004,0 33.35417495000007,35.16066126000004,0 33.35417502600006,35.16066119500005,0 33.35417510100007,35.16066112800007,0 33.35417517700006,35.16066106300008,0 33.35417525100007,35.16066099700004,0 33.35417532500003,35.16066093100005,0 33.35417539900004,35.16066086500007,0 33.35417547300006,35.16066079800004,0 33.35417554700007,35.16066073100006,0 33.35417562200007,35.16066066500008,0 33.35417569400005,35.16066059700006,0 33.35417576700007,35.16066053000003,0 33.35417584100003,35.16066046300006,0 33.35417591200007,35.16066039500004,0 33.35417598500004,35.16066032600003,0 33.35417605700008,35.16066025900005,0 33.35417612900005,35.16066019000004,0 33.35417620000004,35.16066012200002,0 33.35417627100003,35.16066005300007,0 33.35417634200007,35.16065998400006,0 33.35417641300006,35.16065991600004,0 33.35417648300006,35.16065984700003,0 33.35417655200007,35.16065977700004,0 33.35417662400005,35.16065970700004,0 33.35417669200007,35.16065963700004,0 33.35417676100008,35.16065956800003,0 33.35417683100008,35.16065949800003,0 33.35417689900004,35.16065942800003,0 33.35417696700006,35.16065935700004,0 33.35417703500008,35.16065928600006,0 33.35417710400003,35.16065921600006,0 33.35417717200005,35.16065914500007,0 33.35417723800003,35.16065907400008,0 33.35417730500006,35.16065900100006,0 33.35417737200004,35.16065893000007,0 33.35417743800008,35.16065885800003,0 33.35417750500005,35.16065878700005,0 33.35417757000005,35.16065871500007,0 33.35417763700008,35.16065864200004,0 33.35417770200007,35.16065857000007,0 33.35417776700007,35.16065849800003,0 33.35417783100007,35.16065842400008,0 33.35417789600007,35.16065835200004,0 33.35417796000007,35.16065827800003,0 33.35417802400008,35.16065820500006,0 33.35417808700004,35.16065813100005,0 33.35417815100004,35.16065805800002,0 33.35417821500005,35.16065798400007,0 33.35417827700007,35.16065791100004,0 33.35417833900004,35.16065783600004,0 33.35417840100007,35.16065776100004,0 33.35417846300004,35.16065768800007,0 33.35417852500007,35.16065761300007,0 33.35417858600005,35.16065753800007,0 33.35417864700003,35.16065746300006,0 33.35417870800006,35.16065738800006,0 33.35417876800005,35.16065731300006,0 33.35417882900003,35.16065723700007,0 33.35417888800004,35.16065716200006,0 33.35417894700004,35.16065708600007,0 33.35417900700003,35.16065701000008,0",15,1200,TLRDHS,Ασφαλτοστρωμένος δρόμος (που δεν είναι εγγεγραμμένος),Road Hard Surface
TLRGRDHS," 33.36042731100002,35.16139681300007,0 33.36019179400006,35.16121054600006,0",16,2053,TLRGRDHS,Eγγεγραμμένος ασφαλτοστρωμένος δρόμος,Reg. Road Hard Surface
