Name,coordinates,FEATUREID,ΠΕΡΙΓΡΑΦΗ ΤΟΠΟΓΡΑΦΙΚΗΣ ΠΕΡΙΟΧΗΣ
1583,"<MultiGeometry><Polygon><outerBoundaryIs><LinearRing><coordinates> 33.35194725600007,35.15639010000007,0 33.35194721800008,35.15639101700003,0 33.35194710100006,35.15639192900005,0 33.35194690700007,35.15639283200005,0 33.35194663700003,35.15639372300007,0 33.35194629300003,35.15639459600004,0 33.35194587500007,35.15639544600003,0 33.35194538500008,35.15639627100006,0 33.35194482700007,35.15639706600007,0 33.35194420200003,35.15639782700004,0 33.35194351500007,35.15639855000006,0 33.35194276800007,35.15639923200007,0 33.35194196500004,35.15639987000003,0 33.35194110900005,35.15640045900005,0 33.35194020700004,35.15640099900003,0 33.35193925900006,35.15640148500006,0 33.35193827300003,35.15640191700004,0 33.35193725200003,35.15640229000007,0 33.35193620300004,35.15640260400005,0 33.35193512900003,35.15640285700005,0 33.35193403600005,35.15640304900006,0 33.35193293000003,35.15640317700007,0 33.35193181500006,35.15640324100008,0 33.35193069900004,35.15640324000003,0 33.35192958400006,35.15640317800006,0 33.35192847800005,35.15640305000005,0 33.35192738400008,35.15640286000007,0 33.35192631200005,35.15640260700008,0 33.35192526100008,35.15640229300004,0 33.35192424000007,35.15640192100005,0 33.35192325500003,35.15640149000006,0 33.35192230600006,35.15640100500008,0 33.35192140200007,35.15640046500005,0 33.35192054700008,35.15639987600008,0 33.35191974300005,35.15639923900005,0 33.35191899500006,35.15639855800004,0 33.35191830700006,35.15639783500006,0 33.35191768200008,35.15639707400004,0 33.35191712300008,35.15639628000002,0 33.35191663300003,35.15639545500005,0 33.35191621400003,35.15639460500006,0 33.35191586800005,35.15639373300007,0 33.35191559800006,35.15639284300005,0 33.35191540300008,35.15639193900006,0 33.35191528600006,35.15639102600005,0 33.35191524700008,35.15639011000008,0 33.35191528600006,35.15638919300005,0 33.35191540100004,35.15638828100003,0 33.35191559500004,35.15638737700004,0 33.35191586500002,35.15638648600003,0 33.35191620900002,35.15638561400004,0 33.35191662800003,35.15638476300006,0 33.35191711700003,35.15638393800003,0 33.35191767500004,35.15638314300003,0 33.35191830000008,35.15638238200006,0 33.35191898700003,35.15638165900003,0 33.35191973400004,35.15638097700003,0 33.35192053800006,35.15638034000006,0 33.35192139300006,35.15637975000004,0 33.35192229700004,35.15637921000007,0 33.35192324400003,35.15637872400004,0 33.35192422900008,35.15637829300005,0 33.35192525000008,35.15637791900008,0 33.35192629900007,35.15637760600004,0 33.35192737400007,35.15637735200005,0 33.35192846600006,35.15637716100008,0 33.35192957300006,35.15637703300007,0 33.35193068700005,35.15637696800008,0 33.35193180500005,35.15637696900006,0 33.35193291800005,35.15637703200008,0 33.35193402400006,35.15637715900004,0 33.35193511800003,35.15637735000007,0 33.35193619200004,35.15637760300007,0 33.35193724100003,35.15637791600005,0 33.35193826200003,35.15637828800004,0 33.35193924900005,35.15637871900003,0 33.35194019600004,35.15637920600005,0 33.35194110000003,35.15637974400005,0 33.35194195600008,35.15638033400006,0 33.35194276000004,35.15638097000004,0 33.35194350800003,35.15638165300004,0 33.35194419500004,35.15638237400003,0 33.35194482100008,35.15638313500006,0 33.35194537900003,35.15638392900007,0 33.35194586900008,35.15638475400004,0 33.35194628800008,35.15638560500003,0 33.35194663400006,35.15638647800006,0 33.35194690400004,35.15638736700004,0 33.35194709900003,35.15638827100003,0 33.35194721600004,35.15638918300004,0 33.35194725600007,35.15639010000007,0</coordinates></LinearRing></outerBoundaryIs></Polygon></MultiGeometry>",1,1583
1583,"<MultiGeometry><Polygon><outerBoundaryIs><LinearRing><coordinates> 33.35019714400005,35.15618230400003,0 33.35019707900005,35.15618335700003,0 33.35019687800008,35.15618439800005,0 33.35019654600006,35.15618541800006,0 33.35019608600004,35.15618640300005,0 33.35019550400006,35.15618734300006,0 33.35019480300008,35.15618822800008,0 33.35019399600003,35.15618904800004,0 33.35019308800003,35.15618979500005,0 33.35019208900008,35.15619045900007,0 33.35019101300003,35.15619103400007,0 33.35018986900008,35.15619151300007,0 33.35018867000008,35.15619189100005,0 33.35018742800003,35.15619216500005,0 33.35018616100007,35.15619233000007,0 33.35018487800005,35.15619238500005,0 33.35018359500003,35.15619233000007,0 33.35018232600004,35.15619216600004,0 33.35018108600008,35.15619189400007,0 33.35017988600004,35.15619151600004,0 33.35017874100004,35.15619103800003,0 33.35017766400006,35.15619046300003,0 33.35017666600004,35.15618979900006,0 33.35017575600006,35.15618905400004,0 33.35017494700003,35.15618823400007,0 33.35017424900008,35.15618735000004,0 33.35017366400007,35.15618641000003,0 33.35017320300005,35.15618542500005,0 33.35017287100004,35.15618440600008,0 33.35017266900007,35.15618336400007,0 33.35017260200004,35.15618231000008,0 33.35017266900007,35.15618125800006,0 33.35017287000005,35.15618021600005,0 33.35017320200007,35.15617919700003,0 33.35017366000005,35.15617821100005,0 33.35017424400007,35.15617727100005,0 33.35017494300007,35.15617638700007,0 33.35017575000006,35.15617556600006,0 33.35017665900006,35.15617482000005,0 33.35017765700007,35.15617415500003,0 33.35017873300006,35.15617358000003,0 33.35017987900005,35.15617310200003,0 33.35018107600007,35.15617272300005,0 33.35018231800007,35.15617245000004,0 33.35018358700006,35.15617228400004,0 33.35018486900003,35.15617222900005,0 33.35018615200005,35.15617228400004,0 33.35018742100004,35.15617244800006,0 33.35018866200005,35.15617272000003,0 33.35018986000006,35.15617309800007,0 33.35019100500006,35.15617357800005,0 33.35019208400007,35.15617415200006,0 33.35019308200003,35.15617481500004,0 33.35019399000004,35.15617556000007,0 33.35019479900006,35.15617638000003,0 33.35019549900005,35.15617726500005,0 33.35019608200003,35.15617820500006,0 33.35019654300004,35.15617918900006,0 33.35019687600004,35.15618020900007,0 33.35019707700008,35.15618125100008,0 33.35019714400005,35.15618230400003,0</coordinates></LinearRing></outerBoundaryIs></Polygon></MultiGeometry>",2,1583
1583,"<MultiGeometry><Polygon><outerBoundaryIs><LinearRing><coordinates> 33.34755703900004,35.15613955100002,0 33.34752163800005,35.15614918700004,0 33.34750347200003,35.15612058800008,0 33.34754220200006,35.15610985000006,0 33.34755703900004,35.15613955100002,0</coordinates></LinearRing></outerBoundaryIs></Polygon></MultiGeometry>",3,1583
1583,"<MultiGeometry><Polygon><outerBoundaryIs><LinearRing><coordinates> 33.35182363300004,35.16476878100008,0 33.35180655400006,35.16477231200003,0 33.35178532800006,35.16476786200008,0 33.35177903000005,35.16475307200005,0 33.35179625600006,35.16473705000004,0 33.35181132800005,35.16473194300005,0 33.35182534000006,35.16474176000003,0 33.35183261900005,35.16475653300006,0 33.35182363300004,35.16476878100008,0</coordinates></LinearRing></outerBoundaryIs></Polygon></MultiGeometry>",4,1583
1583,"<MultiGeometry><Polygon><outerBoundaryIs><LinearRing><coordinates> 33.35013161600006,35.16456895600004,0 33.35011855300007,35.16457603600003,0 33.35010798800005,35.16456655600007,0 33.35012302400003,35.16455984300006,0 33.35013161600006,35.16456895600004,0</coordinates></LinearRing></outerBoundaryIs></Polygon></MultiGeometry>",5,1583
1583,"<MultiGeometry><Polygon><outerBoundaryIs><LinearRing><coordinates> 33.34990546500006,35.15572345500004,0 33.34990541600007,35.15572460700003,0 33.34990527100007,35.15572575400006,0 33.34990502700003,35.15572688900005,0 33.34990468800004,35.15572800800004,0 33.34990425500007,35.15572910400005,0 33.34990373000005,35.15573017300005,0 33.34990311500008,35.15573120900007,0 33.34990241300005,35.15573220800007,0 33.34990162900004,35.15573316400003,0 33.34990076600008,35.15573407200003,0 33.34989982600007,35.15573492900006,0 33.34989881700005,35.15573573000006,0 33.34989774100006,35.15573647100007,0 33.34989660700006,35.15573714900006,0 33.34989541600004,35.15573776000008,0 33.34989417700007,35.15573830200003,0 33.34989289500004,35.15573877100007,0 33.34989157700005,35.15573916600005,0 33.34989022700006,35.15573948400004,0 33.34988885400003,35.15573972400006,0 33.34988746500005,35.15573988500006,0 33.34988606500008,35.15573996500007,0 33.34988466100003,35.15573996700005,0 33.34988326100006,35.15573988700004,0 33.34988187100004,35.15573972700003,0 33.34988049800006,35.15573948800005,0 33.34987914900006,35.15573917000006,0 33.34987783000003,35.15573877500003,0 33.34987654600008,35.15573830700004,0 33.34987530700005,35.15573776700006,0 33.34987411700007,35.15573715600004,0 33.34987298000004,35.15573647800005,0 33.34987190600003,35.15573573800003,0 33.34987089500004,35.15573493800008,0 33.34986995600008,35.15573408100005,0 33.34986909100007,35.15573317300004,0 33.34986830500003,35.15573221700004,0 33.34986760300006,35.15573122000006,0 33.34986698900008,35.15573018400005,0 33.34986646200008,35.15572911500004,0 33.34986602800007,35.15572801800005,0 33.34986568700003,35.15572690000005,0 33.34986544300006,35.15572576500006,0 33.34986529600008,35.15572461900007,0 33.34986524700003,35.15572346600004,0 33.34986529500003,35.15572231500005,0 33.34986544100008,35.15572116800007,0 33.34986568500005,35.15572003300008,0 33.34986602400005,35.15571891400003,0 33.34986645600003,35.15571781700004,0 33.34986698200004,35.15571674900008,0 33.34986759800006,35.15571571300006,0 33.34986829900004,35.15571471400006,0 33.34986908400003,35.15571375800005,0 33.34986994700006,35.15571285000004,0 33.34987088600008,35.15571199300007,0 33.34987189400005,35.15571119200007,0 33.34987297000004,35.15571045000007,0 33.34987410600007,35.15570977200008,0 33.34987529500006,35.15570916200005,0 33.34987653400003,35.15570862000004,0 33.34987781600006,35.15570815100006,0 33.34987913500004,35.15570775600003,0 33.34988048500003,35.15570743800004,0 33.34988185700007,35.15570719800007,0 33.34988324700004,35.15570703600002,0 33.34988464700007,35.15570695500003,0 33.34988605000007,35.15570695500003,0 33.34988745100003,35.15570703500003,0 33.34988884100005,35.15570719500005,0 33.34989021500007,35.15570743400008,0 33.34989156300003,35.15570775200007,0 33.34989288300005,35.15570814600005,0 33.34989416500002,35.15570861500004,0 33.34989540400005,35.15570915500007,0 33.34989659600007,35.15570976600003,0 33.34989773100006,35.15571044400008,0 33.34989880600006,35.15571118400004,0 33.34989981700005,35.15571198400005,0 33.34990075700006,35.15571284000004,0 33.34990162100007,35.15571374800004,0 33.34990240600007,35.15571470400005,0 33.34990310800004,35.15571570200007,0 33.34990372400006,35.15571673800002,0 33.34990425000007,35.15571780700003,0 33.34990468500007,35.15571890400003,0 33.34990502400007,35.15572002200003,0 33.34990526900003,35.15572115700007,0 33.34990541500002,35.15572230300006,0 33.34990546500006,35.15572345500004,0</coordinates></LinearRing></outerBoundaryIs></Polygon></MultiGeometry>",6,1583
1583,"<MultiGeometry><Polygon><outerBoundaryIs><LinearRing><coordinates> 33.35609032800005,35.15545452100002,0 33.35607105900004,35.15546022400002,0 33.35606739600007,35.15545008400005,0 33.35608569300007,35.15544396100006,0 33.35609032800005,35.15545452100002,0</coordinates></LinearRing></outerBoundaryIs></Polygon></MultiGeometry>",7,1583
1583,"<MultiGeometry><Polygon><outerBoundaryIs><LinearRing><coordinates> 33.34975003000005,35.15539915800008,0 33.34973008200007,35.15536063100007,0 33.34975911900006,35.15535062500004,0 33.34977775600004,35.15538984600005,0 33.34975003000005,35.15539915800008,0</coordinates></LinearRing></outerBoundaryIs></Polygon></MultiGeometry>",8,1583
1583,"<MultiGeometry><Polygon><outerBoundaryIs><LinearRing><coordinates> 33.35012995800003,35.16447109300003,0 33.35011056000008,35.16447989700004,0 33.35010141400005,35.16446837700005,0 33.35011883800007,35.16445920500007,0 33.35012995800003,35.16447109300003,0</coordinates></LinearRing></outerBoundaryIs></Polygon></MultiGeometry>",9,1583
1608,"<MultiGeometry><Polygon><outerBoundaryIs><LinearRing><coordinates> 33.36442281800004,35.16380349800005,0 33.36401817500007,35.16428260000004,0 33.36323559200002,35.16380397400008,0 33.36307699600008,35.16370726200006,0 33.36375579200006,35.16296233800006,0 33.36376167900005,35.16296756200006,0 33.36422459700003,35.16325628000004,0 33.36465714100007,35.16352605000003,0 33.36442281800004,35.16380349800005,0</coordinates></LinearRing></outerBoundaryIs></Polygon></MultiGeometry>",10,1608
1583,"<MultiGeometry><Polygon><outerBoundaryIs><LinearRing><coordinates> 33.35844181800007,35.16412841400006,0 33.35843100500006,35.16411917600004,0 33.35844128400004,35.16411032400004,0 33.35845307500006,35.16411835700006,0 33.35844181800007,35.16412841400006,0</coordinates></LinearRing></outerBoundaryIs></Polygon></MultiGeometry>",11,1583
1583,"<MultiGeometry><Polygon><outerBoundaryIs><LinearRing><coordinates> 33.34730117700008,35.15518456300003,0 33.34726989400008,35.15518582500005,0 33.34726837800002,35.15516614200004,0 33.34721496100008,35.15516783000004,0 33.34721111800008,35.15509742800003,0 33.34733883400003,35.15509078400004,0 33.34734552200007,35.15516370300003,0 33.34729970300003,35.15516515100006,0 33.34730117700008,35.15518456300003,0</coordinates></LinearRing></outerBoundaryIs></Polygon></MultiGeometry>",12,1583
1583,"<MultiGeometry><Polygon><outerBoundaryIs><LinearRing><coordinates> 33.34818282100008,35.15509297600005,0 33.34818409200005,35.15509329500003,0 33.34818534800007,35.15509364900004,0 33.34818658800003,35.15509404000005,0 33.34818781200005,35.15509446600004,0 33.34818901600005,35.15509492700005,0 33.34819020000003,35.15509542200005,0 33.34819136200008,35.15509595000003,0 33.34819250100003,35.15509651200006,0 33.34819361500007,35.15509710500004,0 33.34819470300005,35.15509773100007,0 33.34819576400003,35.15509838700007,0 33.34819679600003,35.15509907300003,0 33.34819780000004,35.15509978900008,0 33.34819877200005,35.15510053300005,0 33.34819971100006,35.15510130400003,0 33.34820061800008,35.15510210100007,0 33.34820148900008,35.15510292500005,0 33.34820232600004,35.15510377200008,0 33.34820312600004,35.15510464300007,0 33.34820388700007,35.15510553700005,0 33.34820461100003,35.15510645200004,0 33.34820529500007,35.15510738600005,0 33.34820594100006,35.15510834000003,0 33.34820654300006,35.15510931200004,0 33.34820710600008,35.15511030100004,0 33.34820762500004,35.15511130500005,0 33.34820810100007,35.15511232300003,0 33.34820853400004,35.15511335500003,0 33.34820892200003,35.15511439700003,0 33.34820926800006,35.15511545100003,0 33.34820956700003,35.15511651500003,0 33.34820982000008,35.15511758500003,0 33.34821002800004,35.15511866200006,0 33.34821019100008,35.15511974600003,0 33.34821030700005,35.15512083200008,0 33.34821037700004,35.15512192200004,0 33.34821040100007,35.15512301200005,0 33.34821037700004,35.15512410300005,0 33.34821030900002,35.15512519300006,0 33.34821019300006,35.15512628000005,0 33.34821003300004,35.15512736200003,0 33.34820982400004,35.15512844000006,0 33.34820957100004,35.15512951100004,0 33.34820927400006,35.15513057400005,0 33.34820893000006,35.15513162700006,0 33.34820854200007,35.15513267100005,0 33.34820811000003,35.15513370300005,0 33.34820763400006,35.15513472200007,0 33.34820711600003,35.15513572600003,0 33.34820655400006,35.15513671500003,0 33.34820595300005,35.15513768700004,0 33.34820530800005,35.15513864100007,0 33.34820462400006,35.15513957700006,0 33.34820390200008,35.15514049200004,0 33.34820313900008,35.15514138500004,0 33.34820234100005,35.15514225600003,0 33.34820150500008,35.15514310500004,0 33.34820063400008,35.15514392900008,0 33.34819972900004,35.15514472700005,0 33.34819878900004,35.15514549800002,0 33.34819781900006,35.15514624300005,0 33.34819681600004,35.15514695800005,0 33.34819578500003,35.15514764600005,0 33.34819472300006,35.15514830300003,0 33.34819363500003,35.15514892800007,0 33.34819252100004,35.15514952300003,0 33.34819138400007,35.15515008500006,0 33.34819022200003,35.15515061500003,0 33.34818903800004,35.15515111000008,0 33.34818783500003,35.15515157100003,0 33.34818661200006,35.15515199800007,0 33.34818537200005,35.15515238900008,0 33.34818411600003,35.15515274400008,0 33.34818284700003,35.15515306500004,0 33.34818156400007,35.15515334700007,0 33.34818026800008,35.15515359300008,0 33.34817896600004,35.15515380100004,0 33.34817765400004,35.15515397200005,0 33.34817633400007,35.15515410500007,0 33.34817501200007,35.15515420100007,0 33.34817368600005,35.15515425800004,0 33.34817235700007,35.15515427800006,0 33.34817102900007,35.15515425800004,0 33.34816970200006,35.15515420200006,0 33.34816838000006,35.15515410700004,0 33.34816706100003,35.15515397500008,0 33.34816574900003,35.15515380400007,0 33.34816444400008,35.15515359700004,0 33.34816315000006,35.15515335200007,0 33.34816186700004,35.15515307000004,0 33.34816059700006,35.15515275100006,0 33.34815934000005,35.15515239600006,0 33.34815810100002,35.15515200500005,0 33.34815687700007,35.15515158000005,0 33.34815567300007,35.15515111900004,0 33.34815448900002,35.15515062500003,0 33.34815332700003,35.15515009500007,0 33.34815218800003,35.15514953400003,0 33.34815107400004,35.15514894000006,0 33.34814998600007,35.15514831400003,0 33.34814892500003,35.15514765800003,0 33.34814789200004,35.15514697200007,0 33.34814688900008,35.15514625600008,0 33.34814591700007,35.15514551300004,0 33.34814497800005,35.15514474100007,0 33.34814407100004,35.15514394400003,0 33.34814320000004,35.15514312100004,0 33.34814236300008,35.15514227400007,0 33.34814156300007,35.15514140200003,0 33.34814080200005,35.15514050800005,0 33.34814007700004,35.15513959400005,0 33.34813939300005,35.15513865900005,0 33.34813874900004,35.15513770500007,0 33.34813814600005,35.15513673300006,0 33.34813758300004,35.15513574500005,0 33.34813706400007,35.15513474000005,0 33.34813658800005,35.15513372200007,0 33.34813615500008,35.15513269100006,0 33.34813576700003,35.15513164800007,0 33.34813542100005,35.15513059400007,0 33.34813512200003,35.15512953200005,0 33.34813486900004,35.15512846100006,0 33.34813466000003,35.15512738300004,0 33.34813449800004,35.15512630100005,0 33.34813438200007,35.15512521300008,0 33.34813431200007,35.15512412400005,0 33.34813428800004,35.15512303300005,0 33.34813431100002,35.15512194300004,0 33.34813438000003,35.15512085400007,0 33.34813449600006,35.15511976700003,0 33.34813465600007,35.15511868300007,0 33.34813486400003,35.15511760600003,0 33.34813511700003,35.15511653400006,0 33.34813541600005,35.15511547100005,0 33.34813575900006,35.15511441800004,0 33.34813614700005,35.15511337400005,0 33.34813657900003,35.15511234300004,0 33.34813705500005,35.15511132500006,0 33.34813757300003,35.15511032000006,0 33.34813813400007,35.15510933000007,0 33.34813873700006,35.15510835800006,0 33.34813938100007,35.15510740400003,0 33.34814006400006,35.15510646900003,0 33.34814078700003,35.15510555300006,0 33.34814154900005,35.15510466000006,0 33.34814234800007,35.15510378900007,0 33.34814318400004,35.15510294100005,0 33.34814405500003,35.15510211700007,0 33.34814496100006,35.15510131900004,0 33.34814590000008,35.15510054700008,0 33.34814687000005,35.15509980200005,0 33.34814787300007,35.15509908700005,0 33.34814890400003,35.15509840000004,0 33.34814996600005,35.15509774400005,0 33.34815105400003,35.15509711700003,0 33.34815216700002,35.15509652300005,0 33.34815330500004,35.15509596100003,0 33.34815446600004,35.15509543200005,0 33.34815565000002,35.15509493600007,0 33.34815685400002,35.15509447400007,0 33.34815807700005,35.15509404800002,0 33.34815931600008,35.15509365700007,0 33.34816057200004,35.15509330100008,0 33.34816184200003,35.15509298200004,0 33.34816312500004,35.15509269800003,0 33.34816442000005,35.15509245300007,0 33.34816572300008,35.15509224500005,0 33.34816703500007,35.15509207400004,0 33.34816835400005,35.15509194000003,0 33.34816973100004,35.15509145600004,0 33.34817233200005,35.15509178700006,0 33.34817365900005,35.15509178700006,0 33.34817498700005,35.15509184300004,0 33.34817631000004,35.15509193800006,0 33.34817762800003,35.15509207100007,0 33.34817894000003,35.15509224100003,0 33.34818024500004,35.15509244900005,0 33.34818153900005,35.15509269400008,0 33.34818282100008,35.15509297600005,0</coordinates></LinearRing></outerBoundaryIs></Polygon></MultiGeometry>",13,1583
1583,"<MultiGeometry><Polygon><outerBoundaryIs><LinearRing><coordinates> 33.34823712200006,35.15509930700006,0 33.34822301300005,35.15508332700006,0 33.34824160600005,35.15507343800005,0 33.34824617900006,35.15508064900007,0 33.34824390200004,35.15509156700006,0 33.34823712200006,35.15509930700006,0</coordinates></LinearRing></outerBoundaryIs></Polygon></MultiGeometry>",14,1583
1583,"<MultiGeometry><Polygon><outerBoundaryIs><LinearRing><coordinates> 33.34816973100004,35.15509145600004,0 33.34816805900005,35.15509031600004,0 33.34816681200005,35.15508992300005,0 33.34816558300003,35.15508949500003,0 33.34816437300003,35.15508903300002,0 33.34816318300005,35.15508853500006,0 33.34816201600006,35.15508800300006,0 33.34816087000007,35.15508744000005,0 33.34815975200007,35.15508684300005,0 33.34815865800005,35.15508621400005,0 33.34815759100007,35.15508555400004,0 33.34815655400007,35.15508486400006,0 33.34815554500005,35.15508414600004,0 33.34815456800004,35.15508339900003,0 33.34815362500007,35.15508262400005,0 33.34815271300005,35.15508182200006,0 33.34815183800004,35.15508099500005,0 33.34815099800005,35.15508014300008,0 33.34815019300004,35.15507926800007,0 33.34814942800006,35.15507836900008,0 33.34814870000002,35.15507745100007,0 33.34814801200002,35.15507651100006,0 33.34814736500005,35.15507555200003,0 33.34814675800004,35.15507457600006,0 33.34814619400004,35.15507358200006,0 33.34814567200004,35.15507257300004,0 33.34814519300005,35.15507154900007,0 33.34814475800005,35.15507051300006,0 33.34814436700003,35.15506946500005,0 33.34814402200004,35.15506840600006,0 33.34814372100004,35.15506733800004,0 33.34814346500008,35.15506626200005,0 33.34814325600007,35.15506517800003,0 33.34814309200004,35.15506409100004,0 33.34814297600008,35.15506299800006,0 33.34814290600008,35.15506190400004,0 33.34814288200005,35.15506080700004,0 33.34814290600008,35.15505971100004,0 33.34814297400004,35.15505861700007,0 33.34814309000007,35.15505752400003,0 33.34814325200006,35.15505643500006,0 33.34814346100006,35.15505535300008,0 33.34814371600004,35.15505427700003,0 33.34814401500006,35.15505320800003,0 33.34814436000005,35.15505215000007,0 33.34814475000007,35.15505110100003,0 33.34814518500008,35.15505006300003,0 33.34814566200004,35.15504904000005,0 33.34814618400003,35.15504803000005,0 33.34814674800003,35.15504703700003,0 33.34814735200007,35.15504606000008,0 33.34814800000004,35.15504510100004,0 33.34814868700005,35.15504416100004,0 33.34814941300004,35.15504324100004,0 33.34815017900007,35.15504234300005,0 33.34815098200005,35.15504146800004,0 33.34815182200003,35.15504061500008,0 33.34815269700005,35.15503978700008,0 33.34815360700003,35.15503898500003,0 33.34815455000006,35.15503821000004,0 33.34815552600003,35.15503746200005,0 33.34815653400005,35.15503674200005,0 33.34815757100006,35.15503605100003,0 33.34815863700004,35.15503539200006,0 33.34815973100007,35.15503476300006,0 33.34816085000006,35.15503416600006,0 33.34816199400007,35.15503360000002,0 33.34816316100006,35.15503306900007,0 33.34816435000005,35.15503257000006,0 33.34816556100003,35.15503210600008,0 33.34816678800007,35.15503167700007,0 33.34816803500007,35.15503128500006,0 33.34816929700003,35.15503092700004,0 33.34817057300006,35.15503060700007,0 33.34817186300006,35.15503032200007,0 33.34817316300007,35.15503007500007,0 33.34817447300003,35.15502986600006,0 33.34817579200006,35.15502969300007,0 33.34817711600005,35.15502956000006,0 33.34817844600008,35.15502946500004,0 33.34817978000007,35.15502940700003,0 33.34818111400006,35.15502938700007,0 33.34818244900004,35.15502940500005,0 33.34818378300003,35.15502946300006,0 33.34818511200007,35.15502955800002,0 33.34818643800003,35.15502969100004,0 33.34818775500003,35.15502986200005,0 33.34818906600003,35.15503007100006,0 33.34819036800008,35.15503031800006,0 33.34819165800008,35.15503060100008,0 33.34819293400005,35.15503092100005,0 33.34819419600007,35.15503127700004,0 33.34819544200008,35.15503167000003,0 33.34819667200003,35.15503209900004,0 33.34819788200008,35.15503256100004,0 33.34819907000008,35.15503305900006,0 33.34820023900005,35.15503358900003,0 33.34820138300006,35.15503415400008,0 33.34820250400003,35.15503475100007,0 33.34820359700007,35.15503538000007,0 33.34820466400004,35.15503603900004,0 33.34820570100004,35.15503672800003,0 33.34820670900007,35.15503744800003,0 33.34820768500003,35.15503819500003,0 33.34820862900006,35.15503897000008,0 33.34820954000003,35.15503977200007,0 33.34821041600003,35.15504059900007,0 33.34821125700006,35.15504145100005,0 33.34821206000004,35.15504232600006,0 33.34821282800004,35.15504322400005,0 33.34821355500003,35.15504414300006,0 33.34821424200004,35.15504508300006,0 33.34821489000007,35.15504604100005,0 33.34821549600008,35.15504701800006,0 33.34821606100007,35.15504801200007,0 33.34821658300007,35.15504902100003,0 33.34821706200006,35.15505004400006,0 33.34821749700006,35.15505108000008,0 33.34821788700003,35.15505212900007,0 33.34821823400006,35.15505318800007,0 33.34821853400007,35.15505425600003,0 33.34821878900004,35.15505533200007,0 33.34821899900004,35.15505641500005,0 33.34821916100003,35.15505750300008,0 33.34821927900003,35.15505859500007,0 33.34821934900003,35.15505969000003,0 33.34821937300006,35.15506078700003,0 33.34821935000008,35.15506188300003,0 33.34821928000002,35.15506297700006,0 33.34821916400006,35.15506407000004,0 33.34821900200006,35.15506515800007,0 33.34821879400005,35.15506624100004,0 33.34821853900007,35.15506731700003,0 33.34821823900006,35.15506838500005,0 33.34821789500006,35.15506944400005,0 33.34821750500004,35.15507049300004,0 33.34821707100008,35.15507152900005,0 33.34821659300008,35.15507255400007,0 33.34821607200007,35.15507356200004,0 33.34821550700008,35.15507455700003,0 33.34821490100006,35.15507553400005,0 33.34821425500007,35.15507649300002,0 33.34821356700007,35.15507743300003,0 33.34821284000003,35.15507835200003,0 33.34821207600004,35.15507925100008,0 33.34821127300006,35.15508012600003,0 33.34821043300008,35.15508097900005,0 33.34820955700008,35.15508180700005,0 33.34820864700004,35.15508260900003,0 33.34820770400006,35.15508338400008,0 33.34820672800004,35.15508413200007,0 33.34820572000007,35.15508485200007,0 33.34820468300006,35.15508554100006,0 33.34820361700002,35.15508620200006,0 33.34820252500003,35.15508683100006,0 33.34820140500005,35.15508742800006,0 33.34820026100005,35.15508799400004,0 33.34819909400005,35.15508852500005,0 33.34819790400007,35.15508902300007,0 33.34819669500007,35.15508948700006,0 33.34819546600005,35.15508991500008,0 33.34819422000004,35.15509030900006,0 33.34819295800003,35.15509066700002,0 33.34819168100006,35.15509098700005,0 33.34819039200005,35.15509127100006,0 33.34818909100005,35.15509151800006,0 33.34818778100004,35.15509172800006,0 33.34818646300005,35.15509189900007,0 33.34818513800008,35.15509203400006,0 33.34818380700006,35.15509212900003,0 33.34818282100008,35.15509297600005,0 33.34818153900005,35.15509269400008,0 33.34818024500004,35.15509244900005,0 33.34817894000003,35.15509224100003,0 33.34817762800003,35.15509207100007,0 33.34817631000004,35.15509193800006,0 33.34817498700005,35.15509184300004,0 33.34817365900005,35.15509178700006,0 33.34817233200005,35.15509178700006,0 33.34816973100004,35.15509145600004,0</coordinates></LinearRing></outerBoundaryIs></Polygon></MultiGeometry>",15,1583
1577,"<MultiGeometry><Polygon><outerBoundaryIs><LinearRing><coordinates> 33.34704784100006,35.15501575100006,0 33.34702074200004,35.15473138700003,0 33.34702633000006,35.15471197200003,0 33.34703592700004,35.15469614000006,0 33.34704568200004,35.15468958200006,0 33.34705843300003,35.15468500600008,0 33.34721124900005,35.15467564800008,0 33.34721655800007,35.15466873500003,0 33.34722382800004,35.15466099400004,0 33.34723457800004,35.15465482800005,0 33.34724442500004,35.15465350800002,0 33.34725776200003,35.15465416600006,0 33.34726673300003,35.15465930800008,0 33.34727470400003,35.15466365500004,0 33.34727928500007,35.15467166900004,0 33.34733696700005,35.15466820600005,0 33.34744592300007,35.15466135000003,0 33.34747243500004,35.15499575700005,0 33.34704784100006,35.15501575100006,0</coordinates></LinearRing></outerBoundaryIs></Polygon></MultiGeometry>",16,1577
1583,"<MultiGeometry><Polygon><outerBoundaryIs><LinearRing><coordinates> 33.34757623300004,35.15424356400007,0 33.34752286000003,35.15426836600005,0 33.34749399500004,35.15422675500003,0 33.34754834700004,35.15420154000003,0 33.34757623300004,35.15424356400007,0</coordinates></LinearRing></outerBoundaryIs></Polygon></MultiGeometry>",17,1583
1583,"<MultiGeometry><Polygon><outerBoundaryIs><LinearRing><coordinates> 33.35819496200003,35.16378556700005,0 33.35819490300003,35.16378647700003,0 33.35819473000004,35.16378737700006,0 33.35819444300006,35.16378825800007,0 33.35819404500006,35.16378911000004,0 33.35819354300003,35.16378992300002,0 33.35819293700007,35.16379068800006,0 33.35819224000005,35.16379139600008,0 33.35819145500005,35.16379204100008,0 33.35819059300007,35.16379261600008,0 33.35818966200003,35.16379311300005,0 33.35818867200004,35.16379352700005,0 33.35818763600003,35.16379385400006,0 33.35818656300006,35.16379409100006,0 33.35818546600007,35.16379423400008,0 33.35818435800007,35.16379428200003,0 33.35818324900004,35.16379423400008,0 33.35818215300003,35.16379409200005,0 33.35818108000007,35.16379385700003,0 33.35818004300006,35.16379353000008,0 33.35817905300007,35.16379311700007,0 33.35817812200003,35.16379262000004,0 33.35817725900006,35.16379204700007,0 33.35817647300007,35.16379140300006,0 33.35817577400007,35.16379069400006,0 33.35817516900005,35.16378993000006,0 33.35817466400005,35.16378911700008,0 33.35817426600005,35.16378826700003,0 33.35817397700004,35.16378738500004,0 33.35817380400005,35.16378648500006,0 33.35817374500005,35.16378557400003,0 33.35817380300006,35.16378466400005,0 33.35817397600005,35.16378376400007,0 33.35817426300002,35.16378288300007,0 33.35817466100008,35.16378203100004,0 33.35817516500003,35.16378121800005,0 33.35817576900007,35.16378045300007,0 33.35817646700008,35.16377974500006,0 33.35817725100003,35.16377910000006,0 33.35817811500004,35.16377852500006,0 33.35817904600003,35.16377802800002,0 33.35818003400004,35.16377761400003,0 33.35818107100005,35.16377728700007,0 33.35818214400007,35.16377705000008,0 33.35818324000007,35.16377690800005,0 33.35818434800007,35.16377685900005,0 33.35818545800004,35.16377690700006,0 33.35818655500003,35.16377704900003,0 33.35818762800005,35.16377728400005,0 33.35818866400007,35.16377761100006,0 33.35818965400006,35.16377802400007,0 33.35819058500005,35.16377852100004,0 33.35819144700002,35.16377909400006,0 33.35819223300007,35.16377973900006,0 33.35819293300006,35.16378044800007,0 33.35819353700003,35.16378121100007,0 33.35819404300003,35.16378202400006,0 33.35819444100002,35.16378287600003,0 33.35819472900005,35.16378375600004,0 33.35819490200004,35.16378465600008,0 33.35819496200003,35.16378556700005,0</coordinates></LinearRing></outerBoundaryIs></Polygon></MultiGeometry>",18,1583
1583,"<MultiGeometry><Polygon><outerBoundaryIs><LinearRing><coordinates> 33.35189007500003,35.16360807900003,0 33.35186456700006,35.16361143800003,0 33.35186370800005,35.16358903300005,0 33.35186355900004,35.16358692200004,0 33.35188926900003,35.16358402700007,0 33.35189007500003,35.16360807900003,0</coordinates></LinearRing></outerBoundaryIs></Polygon></MultiGeometry>",19,1583
1583,"<MultiGeometry><Polygon><outerBoundaryIs><LinearRing><coordinates> 33.35137710100003,35.16358436400003,0 33.35137605300002,35.16356628100004,0 33.35139954300007,35.16356706000005,0 33.35139961100003,35.16358512600004,0 33.35137710100003,35.16358436400003,0</coordinates></LinearRing></outerBoundaryIs></Polygon></MultiGeometry>",20,1583
1583,"<MultiGeometry><Polygon><outerBoundaryIs><LinearRing><coordinates> 33.35331667000003,35.16324107900005,0 33.35331397000005,35.16322813800008,0 33.35333019000007,35.16322634200003,0 33.35333241400008,35.16323847100006,0 33.35331667000003,35.16324107900005,0</coordinates></LinearRing></outerBoundaryIs></Polygon></MultiGeometry>",21,1583
1602,"<MultiGeometry><Polygon><outerBoundaryIs><LinearRing><coordinates> 33.35278896700004,35.16312749500003,0 33.35277225200008,35.16313540100003,0 33.35276471900005,35.16312466000005,0 33.35278523600005,35.16311496200007,0 33.35278805200005,35.16311363100004,0 33.35279558300005,35.16312436600003,0 33.35278896700004,35.16312749500003,0</coordinates></LinearRing></outerBoundaryIs></Polygon></MultiGeometry>",22,1602
1583,"<MultiGeometry><Polygon><outerBoundaryIs><LinearRing><coordinates> 33.35534851500006,35.16307992300006,0 33.35534666900003,35.16306370600006,0 33.35535907800005,35.16305621300006,0 33.35536890200007,35.16305554000007,0 33.35538151900005,35.16306297000006,0 33.35538129600008,35.16307466200004,0 33.35537429700003,35.16308142400004,0 33.35536152100008,35.16308246000006,0 33.35534851500006,35.16307992300006,0</coordinates></LinearRing></outerBoundaryIs></Polygon></MultiGeometry>",23,1583
1583,"<MultiGeometry><Polygon><outerBoundaryIs><LinearRing><coordinates> 33.35425748200004,35.16298853600006,0 33.35425743300004,35.16298968300004,0 33.35425728800004,35.16299082500007,0 33.35425704500005,35.16299195500005,0 33.35425670800004,35.16299306900004,0 33.35425627700005,35.16299416100003,0 33.35425575400006,35.16299522500003,0 33.35425514100007,35.16299625800008,0 33.35425444300006,35.16299725100004,0 33.35425366300007,35.16299820300003,0 33.35425280200008,35.16299910900005,0 33.35425186600003,35.16299996100003,0 33.35425086200007,35.16300075900006,0 33.35424979100003,35.16300149700004,0 33.35424866100004,35.16300217300005,0 33.35424747600007,35.16300278100005,0 33.35424624200005,35.16300332000003,0 33.35424496500008,35.16300378700004,0 33.35424365300003,35.16300418100008,0 33.35424230900003,35.16300449800008,0 33.35424094200005,35.16300473600006,0 33.35423955800007,35.16300489700006,0 33.35423816400004,35.16300497700007,0 33.35423676500005,35.16300497700007,0 33.35423537200006,35.16300489800005,0 33.35423398700004,35.16300473800004,0 33.35423261900007,35.16300450000006,0 33.35423127500008,35.16300418400004,0 33.35422996200003,35.16300379200004,0 33.35422868500007,35.16300332600008,0 33.35422745000005,35.16300278700004,0 33.35422626400003,35.16300217900005,0 33.35422513300006,35.16300150600006,0 33.35422406300006,35.16300076800007,0 33.35422305800006,35.16299997000004,0 33.35422212100008,35.16299911800007,0 33.35422126000003,35.16299821300004,0 33.35422047900005,35.16299726200003,0 33.35421977900006,35.16299626800003,0 33.35421916600006,35.16299523700008,0 33.35421864200004,35.16299417300007,0 33.35421820900007,35.16299308100003,0 33.35421787000007,35.16299196800003,0 33.35421762700003,35.16299083800004,0 33.35421748100004,35.16298969500008,0 33.35421743100005,35.16298854900003,0 33.35421748000005,35.16298740100007,0 33.35421762500005,35.16298626100007,0 33.35421786800004,35.16298512900005,0 33.35421820500005,35.16298401600005,0 33.35421863600004,35.16298292500005,0 33.35421915900002,35.16298186000006,0 33.35421977200008,35.16298082800006,0 33.35422047000003,35.16297983300007,0 33.35422125200006,35.16297888100007,0 33.35422211100007,35.16297797700003,0 33.35422304700006,35.16297712300008,0 33.35422405100007,35.16297632600004,0 33.35422512200006,35.16297558800005,0 33.35422625200005,35.16297491300003,0 33.35422743700008,35.16297430400005,0 33.35422867100004,35.16297376500006,0 33.35422994800007,35.16297329800005,0 33.35423126000006,35.16297290400007,0 33.35423260400006,35.16297258800006,0 33.35423397100004,35.16297234900003,0 33.35423535600006,35.16297218800003,0 33.35423675000004,35.16297210700003,0 33.35423814800004,35.16297210700003,0 33.35423954100003,35.16297218700004,0 33.35424092600005,35.16297234700005,0 33.35424229400007,35.16297258500003,0 33.35424363800007,35.16297290000006,0 33.35424495000007,35.16297329200006,0 33.35424622800008,35.16297375900007,0 33.35424746300004,35.16297429800005,0 33.35424864900006,35.16297490600005,0 33.35424978000003,35.16297557900003,0 33.35425085000003,35.16297631700007,0 33.35425185700007,35.16297711500005,0 33.35425279200007,35.16297796800006,0 33.35425365300006,35.16297887100006,0 33.35425443400004,35.16297982300006,0 33.35425513400003,35.16298081600007,0 33.35425574700003,35.16298184800007,0 33.35425627100005,35.16298291200008,0 33.35425670400008,35.16298400400007,0 33.35425704300008,35.16298511700006,0 33.35425728600006,35.16298624700005,0 33.35425743200005,35.16298738800003,0 33.35425748200004,35.16298853600006,0</coordinates></LinearRing></outerBoundaryIs></Polygon></MultiGeometry>",24,1583
1583,"<MultiGeometry><Polygon><outerBoundaryIs><LinearRing><coordinates> 33.35063292800004,35.16281607600007,0 33.35063283100004,35.16281708300005,0 33.35063254500005,35.16281806600006,0 33.35063207500008,35.16281900000007,0 33.35063143100007,35.16281986100006,0 33.35063063200005,35.16282063100005,0 33.35062969700005,35.16282128800003,0 33.35062864700007,35.16282181700007,0 33.35062751000004,35.16282220400007,0 33.35062631300008,35.16282243900002,0 33.35062508700003,35.16282251900003,0 33.35062385900005,35.16282244000007,0 33.35062266200004,35.16282220400007,0 33.35062152500007,35.16282181800005,0 33.35062047500003,35.16282129000007,0 33.35061953900004,35.16282063400007,0 33.35061874000007,35.16281986500007,0 33.35061809600006,35.16281900400003,0 33.35061762500004,35.16281807100006,0 33.35061733600003,35.16281708700006,0 33.35061723900003,35.16281607900004,0 33.35061733600003,35.16281507200006,0 33.35061762200007,35.16281409000004,0 33.35061809300004,35.16281315600003,0 33.35061873500007,35.16281229300006,0 33.35061953400003,35.16281152500005,0 33.35062047100007,35.16281086800007,0 33.35062152100005,35.16281034000008,0 33.35062265800008,35.16280995200003,0 33.35062385300006,35.16280971600003,0 33.35062508100003,35.16280963600008,0 33.35062630700003,35.16280971500004,0 33.35062750500003,35.16280995100004,0 33.35062864200006,35.16281033700005,0 33.35062969200004,35.16281086500004,0 33.35063062800003,35.16281152100004,0 33.35063142800004,35.16281229000003,0 33.35063207200005,35.16281315100008,0 33.35063254300007,35.16281408400005,0 33.35063283000005,35.16281506700005,0 33.35063292800004,35.16281607600007,0</coordinates></LinearRing></outerBoundaryIs></Polygon></MultiGeometry>",25,1583
1583,"<MultiGeometry><Polygon><outerBoundaryIs><LinearRing><coordinates> 33.35403277100005,35.16260716300008,0 33.35403268800008,35.16260814300006,0 33.35403244000003,35.16260910300008,0 33.35403203200008,35.16261002400006,0 33.35403147200003,35.16261089100004,0 33.35403077000007,35.16261168400007,0 33.35402994100008,35.16261239000005,0 33.35402900000003,35.16261299500008,0 33.35402796500006,35.16261348500007,0 33.35402685700007,35.16261385400003,0 33.35402569900003,35.16261409200007,0 33.35402451000005,35.16261419400007,0 33.35402331600005,35.16261416000003,0 33.35402214000004,35.16261399000007,0 33.35402100300007,35.16261368800008,0 33.35401993000005,35.16261325800008,0 33.35401893900007,35.16261271000008,0 33.35401805000004,35.16261205400008,0 33.35401728200003,35.16261130200007,0 33.35401664900007,35.16261047000006,0 33.35401616100006,35.16260957400004,0 33.35401583300006,35.16260863200006,0 33.35401566500008,35.16260765900006,0 33.35401566500008,35.16260667900008,0 33.35401583100003,35.16260570700007,0 33.35401616000007,35.16260476400004,0 33.35401664600005,35.16260386800008,0 33.35401727800007,35.16260303500008,0 33.35401804500003,35.16260228300007,0 33.35401893300008,35.16260162700007,0 33.35401992300007,35.16260107700003,0 33.35402099700008,35.16260064800008,0 33.35402213300006,35.16260034400006,0 33.35402330900007,35.16260017300004,0 33.35402450300006,35.16260013900006,0 33.35402569100006,35.16260024000007,0 33.35402685200006,35.16260047800006,0 33.35402795900006,35.16260084500004,0 33.35402899400003,35.16260133400004,0 33.35402993600007,35.16260193800008,0 33.35403076600005,35.16260264400006,0 33.35403146800007,35.16260343800008,0 33.35403203000004,35.16260430400007,0 33.35403243900004,35.16260522600004,0 33.35403268800008,35.16260618400003,0 33.35403277100005,35.16260716300008,0</coordinates></LinearRing></outerBoundaryIs></Polygon></MultiGeometry>",26,1583
1583,"<MultiGeometry><Polygon><outerBoundaryIs><LinearRing><coordinates> 33.35510871100007,35.16251806600008,0 33.35510437400006,35.16251397400004,0 33.35510299500004,35.16250911400005,0 33.35510651400006,35.16250472500008,0 33.35511338100002,35.16250481800006,0 33.35511875400005,35.16250610200007,0 33.35512606500004,35.16250862100003,0 33.35512297600008,35.16251624400007,0 33.35511606200004,35.16251856900004,0 33.35510871100007,35.16251806600008,0</coordinates></LinearRing></outerBoundaryIs></Polygon></MultiGeometry>",27,1583
1583,"<MultiGeometry><Polygon><outerBoundaryIs><LinearRing><coordinates> 33.36345178700003,35.16249255600008,0 33.36343805400003,35.16248251000008,0 33.36346203000005,35.16246281600007,0 33.36347527700008,35.16247366600004,0 33.36345178700003,35.16249255600008,0</coordinates></LinearRing></outerBoundaryIs></Polygon></MultiGeometry>",28,1583
1583,"<MultiGeometry><Polygon><outerBoundaryIs><LinearRing><coordinates> 33.35490751300006,35.16246112500005,0 33.35489574100006,35.16246096200007,0 33.35488417500005,35.16245031400007,0 33.35488440300003,35.16243862000005,0 33.35489679000006,35.16243234000007,0 33.35490657600008,35.16243368500005,0 33.35491574600007,35.16244147500004,0 33.35491801600006,35.16245078300005,0 33.35490751300006,35.16246112500005,0</coordinates></LinearRing></outerBoundaryIs></Polygon></MultiGeometry>",29,1583
1583,"<MultiGeometry><Polygon><outerBoundaryIs><LinearRing><coordinates> 33.35053690300003,35.16242169700007,0 33.35053121400006,35.16239778900007,0 33.35056617400005,35.16239116500003,0 33.35057095700006,35.16241575400005,0 33.35053690300003,35.16242169700007,0</coordinates></LinearRing></outerBoundaryIs></Polygon></MultiGeometry>",30,1583
1583,"<MultiGeometry><Polygon><outerBoundaryIs><LinearRing><coordinates> 33.35525184100004,35.16234656000006,0 33.35525017300006,35.16233120900006,0 33.35526883700004,35.16233025200006,0 33.35526953300007,35.16234518800007,0 33.35525184100004,35.16234656000006,0</coordinates></LinearRing></outerBoundaryIs></Polygon></MultiGeometry>",31,1583
1583,"<MultiGeometry><Polygon><outerBoundaryIs><LinearRing><coordinates> 33.35219197200007,35.16228328500006,0 33.35217016700005,35.16228433400005,0 33.35216835900008,35.16226889700005,0 33.35219184100004,35.16226888100005,0 33.35219197200007,35.16228328500006,0</coordinates></LinearRing></outerBoundaryIs></Polygon></MultiGeometry>",32,1583
1583,"<MultiGeometry><Polygon><outerBoundaryIs><LinearRing><coordinates> 33.35340543900003,35.16227321000002,0 33.35340222700006,35.16226146700006,0 33.35341702300008,35.16225723100007,0 33.35342119500007,35.16227019500008,0 33.35340543900003,35.16227321000002,0</coordinates></LinearRing></outerBoundaryIs></Polygon></MultiGeometry>",33,1583
1583,"<MultiGeometry><Polygon><outerBoundaryIs><LinearRing><coordinates> 33.35188613300005,35.16226853600006,0 33.35188285500004,35.16224078000005,0 33.35191257100007,35.16223830900003,0 33.35191410800007,35.16226577600003,0 33.35188613300005,35.16226853600006,0</coordinates></LinearRing></outerBoundaryIs></Polygon></MultiGeometry>",34,1583
1583,"<MultiGeometry><Polygon><outerBoundaryIs><LinearRing><coordinates> 33.35068691900005,35.16207479900004,0 33.35066135200003,35.16207833900006,0 33.35065618100003,35.16205173900005,0 33.35068171500006,35.16204940400007,0 33.35068691900005,35.16207479900004,0</coordinates></LinearRing></outerBoundaryIs></Polygon></MultiGeometry>",35,1583
1583,"<MultiGeometry><Polygon><outerBoundaryIs><LinearRing><coordinates> 33.35051960000004,35.16197449700007,0 33.35048666700004,35.16197870200006,0 33.35048141900006,35.16195491000008,0 33.35051435500003,35.16195070400005,0 33.35051960000004,35.16197449700007,0</coordinates></LinearRing></outerBoundaryIs></Polygon></MultiGeometry>",36,1583
1583,"<MultiGeometry><Polygon><outerBoundaryIs><LinearRing><coordinates> 33.35549107600008,35.16190390300005,0 33.35549099000008,35.16190492700008,0 33.35549073100003,35.16190592800007,0 33.35549030500005,35.16190689200005,0 33.35548971900005,35.16190779800007,0 33.35548898600007,35.16190862600007,0 33.35548811900003,35.16190936400005,0 33.35548713600008,35.16190999600008,0 33.35548605500003,35.16191050800006,0 33.35548489900003,35.16191089300003,0 33.35548368700006,35.16191114100008,0 33.35548244600005,35.16191124900007,0 33.35548119900005,35.16191121300005,0 33.35547997000003,35.16191103600005,0 33.35547878200003,35.16191071900005,0 33.35547766100007,35.16191027000008,0 33.35547662600004,35.16190969800005,0 33.35547569900007,35.16190901200002,0 33.35547489600003,35.16190822700003,0 33.35547423400004,35.16190735800007,0 33.35547372600007,35.16190642200007,0 33.35547338100002,35.16190543700003,0 33.35547320700005,35.16190442300007,0 33.35547320700005,35.16190339700006,0 33.35547337900005,35.16190238200005,0 33.35547372300005,35.16190139700007,0 33.35547423000003,35.16190046100007,0 33.35547489100003,35.16189959100007,0 33.35547569300007,35.16189880500008,0 33.35547662000005,35.16189811900006,0 33.35547765500007,35.16189754700002,0 33.35547877700003,35.16189709600008,0 33.35547996300005,35.16189678000006,0 33.35548119200007,35.16189660100002,0 33.35548243900007,35.16189656500006,0 33.35548368100007,35.16189667100008,0 33.35548489200005,35.16189691900007,0 33.35548604800005,35.16189730200006,0 33.35548713000003,35.16189781500003,0 33.35548811300004,35.16189844500008,0 33.35548898100007,35.16189918200007,0 33.35548971500003,35.16190001100006,0 33.35549030100003,35.16190091600004,0 33.35549072800006,35.16190187900003,0 33.35549098800004,35.16190288200005,0 33.35549107600008,35.16190390300005,0</coordinates></LinearRing></outerBoundaryIs></Polygon></MultiGeometry>",37,1583
1583,"<MultiGeometry><Polygon><outerBoundaryIs><LinearRing><coordinates> 33.35084372700004,35.16187051300005,0 33.35081163900003,35.16187999400006,0 33.35080200400006,35.16185371300003,0 33.35083607100006,35.16184346300003,0 33.35084372700004,35.16187051300005,0</coordinates></LinearRing></outerBoundaryIs></Polygon></MultiGeometry>",38,1583
1583,"<MultiGeometry><Polygon><outerBoundaryIs><LinearRing><coordinates> 33.35161002400002,35.16175714000008,0 33.35159576900003,35.16175931800007,0 33.35158834500004,35.16174152600007,0 33.35160016900005,35.16173850600006,0 33.35161002400002,35.16175714000008,0</coordinates></LinearRing></outerBoundaryIs></Polygon></MultiGeometry>",39,1583
1583,"<MultiGeometry><Polygon><outerBoundaryIs><LinearRing><coordinates> 33.35105095400007,35.16170389000007,0 33.35104415800004,35.16166952000003,0 33.35107230300002,35.16166441700005,0 33.35107977800004,35.16169869600003,0 33.35105095400007,35.16170389000007,0</coordinates></LinearRing></outerBoundaryIs></Polygon></MultiGeometry>",40,1583
1583,"<MultiGeometry><Polygon><outerBoundaryIs><LinearRing><coordinates> 33.35116397700006,35.16151444900004,0 33.35118368800005,35.16151040900007,0 33.35118879400005,35.16153188200008,0 33.35117007400004,35.16153597000005,0 33.35116397700006,35.16151444900004,0</coordinates></LinearRing></outerBoundaryIs></Polygon></MultiGeometry>",41,1583
1583,"<MultiGeometry><Polygon><outerBoundaryIs><LinearRing><coordinates> 33.35941286900004,35.16148367400007,0 33.35941279300005,35.16148470600007,0 33.35941256400002,35.16148572200007,0 33.35941218600004,35.16148670800004,0 33.35941166400005,35.16148765000003,0 33.35941100800005,35.16148853000004,0 33.35941022400004,35.16148934100005,0 33.35940932700004,35.16149006600006,0 33.35940832800003,35.16149069400007,0 33.35940724300008,35.16149121900003,0 33.35940608900006,35.16149163200004,0 33.35940488300003,35.16149192700004,0 33.35940364100003,35.16149209800005,0 33.35940238400008,35.16149214300003,0 33.35940112900005,35.16149206300003,0 33.35939989400004,35.16149185700004,0 33.35939870000004,35.16149153000004,0 33.35939756400006,35.16149108400003,0 33.35939650200004,35.16149052900005,0 33.35939553000003,35.16148987200006,0 33.35939466400004,35.16148912300002,0 33.35939391400007,35.16148829100007,0 33.35939329400003,35.16148739200003,0 33.35939281100008,35.16148643800005,0 33.35939247500005,35.16148544200007,0 33.35939228700005,35.16148441900003,0 33.35939225400006,35.16148338500005,0 33.35939237500003,35.16148235600008,0 33.35939264600006,35.16148134700006,0 33.35939306600005,35.16148037300007,0 33.35939362700003,35.16147944700003,0 33.35939432100003,35.16147858400007,0 33.35939513900007,35.16147779800008,0 33.35939606600005,35.16147709900002,0 33.35939709100006,35.16147649800007,0 33.35939819700008,35.16147600500005,0 33.35939936900007,35.16147562600003,0 33.35940058600005,35.16147536600005,0 33.35940183400004,35.16147523100005,0 33.35940309400007,35.16147522200004,0 33.35940434400004,35.16147533800006,0 33.35940556900005,35.16147557900007,0 33.35940674800003,35.16147594000006,0 33.35940786400005,35.16147641800006,0 33.35940890300003,35.16147700200003,0 33.35940984700005,35.16147768800005,0 33.35941068000005,35.16147846100006,0 33.35941139400006,35.16147931400008,0 33.35941197600005,35.16148023000005,0 33.35941241700004,35.16148119800005,0 33.35941271200005,35.16148220400004,0 33.35941286900004,35.16148367400007,0</coordinates></LinearRing></outerBoundaryIs></Polygon></MultiGeometry>",42,1583
1583,"<MultiGeometry><Polygon><outerBoundaryIs><LinearRing><coordinates> 33.36255442300006,35.16109159700005,0 33.36246236900007,35.16114911100004,0 33.36239794400007,35.16108333600005,0 33.36249183700005,35.16102538800004,0 33.36255442300006,35.16109159700005,0</coordinates></LinearRing></outerBoundaryIs></Polygon></MultiGeometry>",43,1583
1583,"<MultiGeometry><Polygon><outerBoundaryIs><LinearRing><coordinates> 33.36810218400007,35.16101967400005,0 33.36809029900007,35.16100683900004,0 33.36811033800007,35.16099347900007,0 33.36812329700007,35.16100505900005,0 33.36810218400007,35.16101967400005,0</coordinates></LinearRing></outerBoundaryIs></Polygon></MultiGeometry>",44,1583
1583,"<MultiGeometry><Polygon><outerBoundaryIs><LinearRing><coordinates> 33.35922398300005,35.16101722100007,0 33.35922392600003,35.16101812200003,0 33.35922375400003,35.16101901300004,0 33.35922347100006,35.16101988400004,0 33.35922307700002,35.16102072600006,0 33.35922257900006,35.16102153100007,0 33.35922198100008,35.16102228800003,0 33.35922129100004,35.16102298900006,0 33.35922051400007,35.16102362700008,0 33.35921966100005,35.16102419500004,0 33.35921874000007,35.16102468700007,0 33.35921776100003,35.16102509700005,0 33.35921673500008,35.16102542000004,0 33.35921567500003,35.16102565400007,0 33.35921458900003,35.16102579600005,0 33.35921349300003,35.16102584400005,0 33.35921239600003,35.16102579700004,0 33.35921131000004,35.16102565600005,0 33.35921024900006,35.16102542400006,0 33.35920922400004,35.16102510000007,0 33.35920824400006,35.16102469100008,0 33.35920732200003,35.16102420000004,0 33.35920646900007,35.16102363200002,0 33.35920569200005,35.16102299500005,0 33.35920500000003,35.16102229400008,0 33.35920440100006,35.16102153700007,0 33.35920390200005,35.16102073400003,0 33.35920350800006,35.16101989200007,0 33.35920322300007,35.16101902000003,0 33.35920305100007,35.16101813000006,0 33.35920299200006,35.16101722800005,0 33.35920304900003,35.16101632700003,0 33.35920322100003,35.16101543700006,0 33.35920350400005,35.16101456400003,0 33.35920389800003,35.16101372200006,0 33.35920439600005,35.16101291900003,0 33.35920499400004,35.16101216200008,0 33.35920568600005,35.16101146100004,0 33.35920646100004,35.16101082200004,0 33.35920731500005,35.16101025500007,0 33.35920823700008,35.16100976300004,0 33.35920921400003,35.16100935300005,0 33.35921024000004,35.16100902900007,0 33.35921130100007,35.16100879400005,0 33.35921238600002,35.16100865300007,0 33.35921348400007,35.16100860600005,0 33.35921458100006,35.16100865300007,0 33.35921566500008,35.16100879400005,0 33.35921672700005,35.16100902600005,0 33.35921775300005,35.16100935000003,0 33.35921873100006,35.16100975900002,0 33.35921965300003,35.16101025000006,0 33.35922050700003,35.16101081700003,0 33.35922128500005,35.16101145500005,0 33.35922197600007,35.16101215600003,0 33.35922257400006,35.16101291200005,0 33.35922307300007,35.16101371600007,0 33.35922346800004,35.16101455800003,0 33.35922375400003,35.16101542800004,0 33.35922392600003,35.16101632000004,0 33.35922398300005,35.16101722100007,0</coordinates></LinearRing></outerBoundaryIs></Polygon></MultiGeometry>",45,1583
1583,"<MultiGeometry><Polygon><outerBoundaryIs><LinearRing><coordinates> 33.35309231300005,35.16100688300003,0 33.35310437100003,35.16100507700003,0 33.35310657000008,35.16101842500007,0 33.35309231800005,35.16102019800007,0 33.35309030400003,35.16102044800005,0 33.35308846000004,35.16100742500004,0 33.35309231300005,35.16100688300003,0</coordinates></LinearRing></outerBoundaryIs></Polygon></MultiGeometry>",46,1583
1583,"<MultiGeometry><Polygon><outerBoundaryIs><LinearRing><coordinates> 33.35615481500003,35.16096739300008,0 33.35615369500005,35.16097464300003,0 33.35614685500008,35.16097293800004,0 33.35613510700006,35.16097116600002,0 33.35612045300007,35.16096733700005,0 33.35611373600005,35.16095917500007,0 33.35610847700008,35.16095184000005,0 33.35610521900003,35.16094251300007,0 33.35610487400004,35.16093484000004,0 33.35610481600003,35.16092972200005,0 33.35610707100005,35.16084566900003,0 33.35611051400008,35.16084531200005,0 33.35611210200005,35.16083927900007,0 33.35611835900005,35.16084582000008,0 33.35611676800005,35.16092894400003,0 33.35615481500003,35.16096739300008,0</coordinates></LinearRing></outerBoundaryIs></Polygon></MultiGeometry>",47,1583
1583,"<MultiGeometry><Polygon><outerBoundaryIs><LinearRing><coordinates> 33.35760057000005,35.16083144200007,0 33.35760050300007,35.16083250200006,0 33.35760030100005,35.16083355000006,0 33.35759996700006,35.16083457500002,0 33.35759950400006,35.16083556600006,0 33.35759891700008,35.16083651200006,0 33.35759821400006,35.16083740200003,0 33.35759740200007,35.16083822700006,0 33.35759648900006,35.16083897800007,0 33.35759548400006,35.16083964600006,0 33.35759440200008,35.16084022400003,0 33.35759325000004,35.16084070600005,0 33.35759204400006,35.16084108700005,0 33.35759079600007,35.16084136200004,0 33.35758952000003,35.16084152900004,0 33.35758823000003,35.16084158500007,0 33.35758693900004,35.16084152900004,0 33.35758566300007,35.16084136400008,0 33.35758441400003,35.16084108900003,0 33.35758320700006,35.16084071000006,0 33.35758205600007,35.16084022800004,0 33.35758097200005,35.16083965100006,0 33.35757996700005,35.16083898300008,0 33.35757905300005,35.16083823400004,0 33.35757824000007,35.16083740900007,0 33.35757753600007,35.16083651900004,0 33.35757694900008,35.16083557400003,0 33.35757648400005,35.16083458300005,0 33.35757615000006,35.16083355900003,0 33.35757594700004,35.16083251100002,0 33.35757587800003,35.16083145100004,0 33.35757594700004,35.16083039100005,0 33.35757614800008,35.16082934300005,0 33.35757648200007,35.16082831800003,0 33.35757694400007,35.16082732700005,0 33.35757753100006,35.16082638100005,0 33.35757823400007,35.16082549100003,0 33.35757904700006,35.16082466600005,0 33.35757995900008,35.16082391500004,0 33.35758096400008,35.16082324700005,0 33.35758204800004,35.16082266800004,0 33.35758319800004,35.16082218700007,0 33.35758440400008,35.16082180600006,0 33.35758565200007,35.16082153100007,0 33.35758692800005,35.16082136400007,0 33.35758821800005,35.16082130800004,0 33.35758950900004,35.16082136300003,0 33.35759078500007,35.16082152900003,0 33.35759203400005,35.16082180300003,0 33.35759324100008,35.16082218300005,0 33.35759439200007,35.16082266500007,0 33.35759547600003,35.16082324200005,0 33.35759648100003,35.16082390900004,0 33.35759739500003,35.16082465900007,0 33.35759820800007,35.16082548400004,0 33.35759891300006,35.16082637300008,0 33.35759949900006,35.16082731900008,0 33.35759996400003,35.16082831000006,0 33.35760029800008,35.16082933400003,0 33.35760050100004,35.16083038200003,0 33.35760057000005,35.16083144200007,0</coordinates></LinearRing></outerBoundaryIs></Polygon></MultiGeometry>",48,1583
1583,"<MultiGeometry><Polygon><outerBoundaryIs><LinearRing><coordinates> 33.34994868800004,35.16067649000007,0 33.34994222600005,35.16067998500006,0 33.34993834900007,35.16067830400004,0 33.34993449300004,35.16067582200003,0 33.34993179600008,35.16066653100006,0 33.34993481900006,35.16066337300003,0 33.34994310500008,35.16066513400006,0 33.34994600000005,35.16066679600004,0 33.34994835700007,35.16067045700004,0 33.34994868800004,35.16067649000007,0</coordinates></LinearRing></outerBoundaryIs></Polygon></MultiGeometry>",49,1583
1583,"<MultiGeometry><Polygon><outerBoundaryIs><LinearRing><coordinates> 33.36762945400005,35.16035683600006,0 33.36762935900003,35.16035784500008,0 33.36762907200006,35.16035882700004,0 33.36762860100004,35.16035976300003,0 33.36762795900006,35.16036062400008,0 33.36762715900005,35.16036139400006,0 33.36762622400005,35.16036205000006,0 33.36762517400007,35.16036257900004,0 33.36762403800003,35.16036296600004,0 33.36762284100007,35.16036320400008,0 33.36762161300004,35.16036328300004,0 33.36762038600006,35.16036320400008,0 33.36761918900004,35.16036296900006,0 33.36761805100008,35.16036258300005,0 33.36761700100004,35.16036205400008,0 33.36761606500005,35.16036139800008,0 33.36761526400005,35.16036062900002,0 33.36761462200008,35.16035976800004,0 33.36761414900008,35.16035883500007,0 33.36761386100005,35.16035785200006,0 33.36761376500004,35.16035684400003,0 33.36761386000006,35.16035583500008,0 33.36761414700004,35.16035485300006,0 33.36761461800006,35.16035391900005,0 33.36761526000004,35.16035305600008,0 33.36761605800007,35.16035228600003,0 33.36761699500005,35.16035163000004,0 33.36761804400004,35.16035110100006,0 33.36761918100007,35.16035071400006,0 33.36762037800003,35.16035047800006,0 33.36762160600006,35.16035039700006,0 33.36762283200005,35.16035047600008,0 33.36762403000006,35.16035071100004,0 33.36762516700003,35.16035109800004,0 33.36762621800006,35.16035162600008,0 33.36762715400005,35.16035228200008,0 33.36762795300007,35.16035305100007,0 33.36762859700008,35.16035391200006,0 33.36762906900003,35.16035484700007,0 33.36762935700006,35.16035582800004,0 33.36762945400005,35.16035683600006,0</coordinates></LinearRing></outerBoundaryIs></Polygon></MultiGeometry>",50,1583
1583,"<MultiGeometry><Polygon><outerBoundaryIs><LinearRing><coordinates> 33.36910386500006,35.16017900800006,0 33.36910371300007,35.16017990300003,0 33.36910326700007,35.16018072800006,0 33.36910256000004,35.16018142000007,0 33.36910164900007,35.16018192600006,0 33.36910060200006,35.16018220600006,0 33.36909950300003,35.16018223700007,0 33.36909843600006,35.16018201900005,0 33.36909748300008,35.16018156800004,0 33.36909671800004,35.16018091900003,0 33.36909620100005,35.16018012200004,0 33.36909597200003,35.16017923700008,0 33.36909604900006,35.16017833600006,0 33.36909642400008,35.16017748800005,0 33.36909707000007,35.16017675700005,0 33.36909793600006,35.16017620000002,0 33.36909895600007,35.16017586100003,0 33.36910004900005,35.16017576600007,0 33.36910113400006,35.16017592300005,0 33.36910212200007,35.16017631800003,0 33.36910294000006,35.16017692200006,0 33.36910352300004,35.16017768800003,0 33.36910386500006,35.16017900800006,0</coordinates></LinearRing></outerBoundaryIs></Polygon></MultiGeometry>",51,1583
1608,"<MultiGeometry><Polygon><outerBoundaryIs><LinearRing><coordinates> 33.35544631100004,35.16016476100003,0 33.35528742600008,35.16017291800006,0 33.35514565300008,35.16015203900003,0 33.35508893800005,35.16014409200005,0 33.35474894200007,35.16008714500003,0 33.35459998700003,35.16004357400004,0 33.35444805500003,35.15990583800004,0 33.35447760100004,35.15989494500008,0 33.35466603700007,35.15982547500005,0 33.35489327200003,35.15974170100003,0 33.35514975500007,35.15964714200004,0 33.35517495500005,35.15963785100007,0 33.35531488000004,35.15980136900004,0 33.35534681500008,35.15983705500003,0 33.35554716500008,35.16003725700006,0 33.35552917200005,35.16008321400005,0 33.35549829000007,35.16016209100008,0 33.35544631100004,35.16016476100003,0</coordinates></LinearRing></outerBoundaryIs></Polygon></MultiGeometry>",52,1608
1583,"<MultiGeometry><Polygon><outerBoundaryIs><LinearRing><coordinates> 33.35224593800007,35.15993866400004,0 33.35223867800005,35.15992450300007,0 33.35225590900006,35.15991936100005,0 33.35226170200008,35.15993270600006,0 33.35224593800007,35.15993866400004,0</coordinates></LinearRing></outerBoundaryIs></Polygon></MultiGeometry>",53,1583
1583,"<MultiGeometry><Polygon><outerBoundaryIs><LinearRing><coordinates> 33.35263165600003,35.15972955000007,0 33.35262387500006,35.15971861300005,0 33.35264159100007,35.15971468200007,0 33.35264691700007,35.15972520100007,0 33.35263165600003,35.15972955000007,0</coordinates></LinearRing></outerBoundaryIs></Polygon></MultiGeometry>",54,1583
1583,"<MultiGeometry><Polygon><outerBoundaryIs><LinearRing><coordinates> 33.35587757500008,35.15962528300003,0 33.35589731900006,35.15962123100007,0 33.35590282000004,35.15963584200006,0 33.35588404600003,35.15964031600004,0 33.35587757500008,35.15962528300003,0</coordinates></LinearRing></outerBoundaryIs></Polygon></MultiGeometry>",55,1583
1583,"<MultiGeometry><Polygon><outerBoundaryIs><LinearRing><coordinates> 33.35067670400008,35.15956037500007,0 33.35067148300004,35.15953817400003,0 33.35070880700005,35.15953395900004,0 33.35071108900007,35.15955533600004,0 33.35067670400008,35.15956037500007,0</coordinates></LinearRing></outerBoundaryIs></Polygon></MultiGeometry>",56,1583
1583,"<MultiGeometry><Polygon><outerBoundaryIs><LinearRing><coordinates> 33.35170164600004,35.15953938000007,0 33.35168297400003,35.15954169100007,0 33.35167270800002,35.15953598500005,0 33.35166839300007,35.15952265400006,0 33.35167440900005,35.15950656200005,0 33.35168816900006,35.15950462600006,0 33.35170380400007,35.15951439400004,0 33.35170913200005,35.15952369900003,0 33.35170164600004,35.15953938000007,0</coordinates></LinearRing></outerBoundaryIs></Polygon></MultiGeometry>",57,1583
1575,"<MultiGeometry><Polygon><outerBoundaryIs><LinearRing><coordinates> 33.37148965500006,35.15927078600004,0 33.37139144800005,35.15941168700005,0 33.37127358500004,35.15935731500008,0 33.37137179600006,35.15921641400007,0 33.37148965500006,35.15927078600004,0</coordinates></LinearRing></outerBoundaryIs></Polygon></MultiGeometry>",58,1575
1575,"<MultiGeometry><Polygon><outerBoundaryIs><LinearRing><coordinates> 33.36442073800004,35.15929427600003,0 33.36441090400007,35.15927213400005,0 33.36441283800008,35.15924958400007,0 33.36444515900007,35.15922258900002,0 33.36443975200007,35.15921091400003,0 33.36445200200006,35.15920647900003,0 33.36445740500005,35.15921533500006,0 33.36448241900007,35.15922538800004,0 33.36448930300003,35.15924149300003,0 33.36447953600003,35.15927169700007,0 33.36446189800006,35.15928016100003,0 33.36445357300005,35.15928741400006,0 33.36443741600004,35.15930433400007,0 33.36442073800004,35.15929427600003,0</coordinates></LinearRing></outerBoundaryIs></Polygon></MultiGeometry>",59,1575
1583,"<MultiGeometry><Polygon><outerBoundaryIs><LinearRing><coordinates> 33.35077892700008,35.15929171700003,0 33.35076677600006,35.15927713700006,0 33.35078550900005,35.15926595900004,0 33.35079667600007,35.15928093700006,0 33.35077892700008,35.15929171700003,0</coordinates></LinearRing></outerBoundaryIs></Polygon></MultiGeometry>",60,1583
1583,"<MultiGeometry><Polygon><outerBoundaryIs><LinearRing><coordinates> 33.35341222700004,35.15922829500005,0 33.35343058000007,35.15923830900005,0 33.35342241500007,35.15925023100004,0 33.35340206800004,35.15924138700007,0 33.35341222700004,35.15922829500005,0</coordinates></LinearRing></outerBoundaryIs></Polygon></MultiGeometry>",61,1583
1575,"<MultiGeometry><Polygon><outerBoundaryIs><LinearRing><coordinates> 33.37146861900004,35.15909160700005,0 33.37142691000003,35.15915090300007,0 33.37134637000003,35.15911488900008,0 33.37138958100007,35.15905441200005,0 33.37146861900004,35.15909160700005,0</coordinates></LinearRing></outerBoundaryIs></Polygon></MultiGeometry>",62,1575
1583,"<MultiGeometry><Polygon><outerBoundaryIs><LinearRing><coordinates> 33.35039630400007,35.15911009700005,0 33.35039624500007,35.15911102800004,0 33.35039606800007,35.15911194900008,0 33.35039577500004,35.15911285000004,0 33.35039536800008,35.15911372100004,0 33.35039485300007,35.15911455100007,0 33.35039423500007,35.15911533400004,0 33.35039352100006,35.15911605800005,0 33.35039271900007,35.15911671800006,0 33.35039183600003,35.15911730500005,0 33.35039088400004,35.15911781400007,0 33.35038987200005,35.15911823700003,0 33.35038881200006,35.15911857200007,0 33.35038771500007,35.15911881300008,0 33.35038659400004,35.15911895900007,0 33.35038546000004,35.15911900900005,0 33.35038432700003,35.15911896100005,0 33.35038320600006,35.15911881500006,0 33.35038210800008,35.15911857400005,0 33.35038104800003,35.15911824000006,0 33.35038003600005,35.15911781700004,0 33.35037908400005,35.15911730900007,0 33.35037820000008,35.15911672200008,0 33.35037739700005,35.15911606400005,0 33.35037668200005,35.15911534000003,0 33.35037606400005,35.15911455700007,0 33.35037554700006,35.15911372700003,0 33.35037514000004,35.15911285600004,0 33.35037484600008,35.15911195600006,0 33.35037466800003,35.15911103500002,0 33.35037460900003,35.15911010300005,0 33.35037466800003,35.15910917200006,0 33.35037484500003,35.15910825100008,0 33.35037513800006,35.15910735100005,0 33.35037554500008,35.15910647900006,0 33.35037606000003,35.15910564900003,0 33.35037667800003,35.15910486600006,0 33.35037739200004,35.15910414200005,0 33.35037819400003,35.15910348200004,0 33.35037907700007,35.15910289500005,0 33.35038002900006,35.15910238600003,0 33.35038104100005,35.15910196300007,0 33.35038210100004,35.15910162900008,0 33.35038319800003,35.15910138700008,0 33.35038431900006,35.15910124100003,0 33.35038545300006,35.15910119100005,0 33.35038658600007,35.15910123900005,0 33.35038770900007,35.15910138500004,0 33.35038880500008,35.15910162600005,0 33.35038986500007,35.15910196100003,0 33.35039087700005,35.15910238300006,0 33.35039183000004,35.15910289100003,0 33.35039271300008,35.15910347800008,0 33.35039351600005,35.15910413700004,0 33.35039423100005,35.15910486100006,0 33.35039485000004,35.15910564200004,0 33.35039536600004,35.15910647300007,0 33.35039577300006,35.15910734500005,0 33.35039606700008,35.15910824500003,0 33.35039624500007,35.15910916600006,0 33.35039630400007,35.15911009700005,0</coordinates></LinearRing></outerBoundaryIs></Polygon></MultiGeometry>",63,1583
1583,"<MultiGeometry><Polygon><outerBoundaryIs><LinearRing><coordinates> 33.35610755200003,35.15904482400003,0 33.35612513500007,35.15902985000002,0 33.35613858600004,35.15904098500005,0 33.35612003000006,35.15905553800008,0 33.35610755200003,35.15904482400003,0</coordinates></LinearRing></outerBoundaryIs></Polygon></MultiGeometry>",64,1583
1583,"<MultiGeometry><Polygon><outerBoundaryIs><LinearRing><coordinates> 33.36233070100008,35.15891975700004,0 33.36232431800005,35.15890808600005,0 33.36233998600005,35.15890324700007,0 33.36234735100004,35.15891531900007,0 33.36233070100008,35.15891975700004,0</coordinates></LinearRing></outerBoundaryIs></Polygon></MultiGeometry>",65,1583
1583,"<MultiGeometry><Polygon><outerBoundaryIs><LinearRing><coordinates> 33.35635581300005,35.15891986300005,0 33.35635576700003,35.15892095500004,0 33.35635562900006,35.15892204200003,0 33.35635539900005,35.15892311800008,0 33.35635507700005,35.15892417800006,0 33.35635466700006,35.15892521700005,0 33.35635416800005,35.15892623100007,0 33.35635358600007,35.15892721400007,0 33.35635292000006,35.15892815900003,0 33.35635217700008,35.15892906600004,0 33.35635135800004,35.15892992800008,0 33.35635046900006,35.15893073900003,0 33.35634951200007,35.15893149900006,0 33.35634849300004,35.15893220200007,0 33.35634741600006,35.15893284500004,0 33.35634628800005,35.15893342500004,0 33.35634511300003,35.15893393800008,0 33.35634389700005,35.15893438300003,0 33.35634264700008,35.15893475700005,0 33.35634136900006,35.15893505900004,0 33.35634006700008,35.15893528600003,0 33.35633874900003,35.15893543900006,0 33.35633742200002,35.15893551500005,0 33.35633609200005,35.15893551600004,0 33.35633476400005,35.15893544000005,0 33.35633344600007,35.15893528900006,0 33.35633214400008,35.15893506100008,0 33.35633086600006,35.15893476100007,0 33.35632961400006,35.15893438800003,0 33.35632839900006,35.15893394300008,0 33.35632722400004,35.15893343100004,0 33.35632609500004,35.15893285200008,0 33.35632501800006,35.15893221000005,0 33.35632399800005,35.15893150800008,0 33.35632304100005,35.15893074900004,0 33.35632215000004,35.15892993800003,0 33.35632133100006,35.15892907600005,0 33.35632058600004,35.15892817100007,0 33.35631992000003,35.15892722500007,0 33.35631933600007,35.15892624300005,0 33.35631883800005,35.15892523000008,0 33.35631842500004,35.15892419100004,0 33.35631810400003,35.15892313100005,0 33.35631787100004,35.15892205500006,0 33.35631773100005,35.15892096700003,0 33.35631768500008,35.15891987500004,0 33.35631773100005,35.15891878300005,0 33.35631786900007,35.15891769600006,0 33.35631809900008,35.15891662000007,0 33.35631842100003,35.15891555900004,0 33.35631883100007,35.15891452100004,0 33.35631933000008,35.15891350700008,0 33.35631991200006,35.15891252500006,0 33.35632057800007,35.15891157800007,0 33.35632132100005,35.15891067200005,0 33.35632214000003,35.15890981000007,0 33.35632302900007,35.15890899800007,0 33.35632398600006,35.15890823900003,0 33.35632500500003,35.15890753600007,0 33.35632608200007,35.15890689300005,0 33.35632721000008,35.15890631300005,0 33.35632838500004,35.15890580000007,0 33.35632960100003,35.15890535500006,0 33.35633085100005,35.15890498100004,0 33.35633212900007,35.15890467900005,0 33.35633343100005,35.15890445200006,0 33.35633474900004,35.15890430000007,0 33.35633607600005,35.15890422300004,0 33.35633740600008,35.15890422200005,0 33.35633873400008,35.15890429800004,0 33.35634005200006,35.15890444900003,0 33.35634135400005,35.15890467600008,0 33.35634263200006,35.15890497700008,0 33.35634388400007,35.15890535100004,0 33.35634509900007,35.15890579500007,0 33.35634627400003,35.15890630700005,0 33.35634740300003,35.15890688500008,0 33.35634848000007,35.15890752800004,0 33.35634950000008,35.15890823000007,0 33.35635045700008,35.15890898900005,0 33.35635134800003,35.15890980000006,0 33.35635216700007,35.15891066200004,0 33.35635291200003,35.15891156600003,0 33.35635357800004,35.15891251300008,0 33.35635416200006,35.15891349500004,0 33.35635466000008,35.15891450800007,0 33.35635507300003,35.15891554700005,0 33.35635539400005,35.15891660800003,0 33.35635562700003,35.15891768400007,0 33.35635576700003,35.15891877000007,0 33.35635581300005,35.15891986300005,0</coordinates></LinearRing></outerBoundaryIs></Polygon></MultiGeometry>",66,1583
1583,"<MultiGeometry><Polygon><outerBoundaryIs><LinearRing><coordinates> 33.34907279900006,35.16654974000005,0 33.34908579500007,35.16655375000005,0 33.34908806400006,35.16656499200008,0 33.34907733500006,35.16657222300006,0 33.34906433900005,35.16656821300006,0 33.34906207200004,35.16655697200002,0 33.34907279900006,35.16654974000005,0</coordinates></LinearRing></outerBoundaryIs></Polygon></MultiGeometry>",67,1583
1575,"<MultiGeometry><Polygon><outerBoundaryIs><LinearRing><coordinates> 33.35598379900006,35.15822620200004,0 33.35598217900008,35.15814443000005,0 33.35602794400006,35.15803190100007,0 33.35610865700005,35.15805893600003,0 33.35607072500005,35.15814768100006,0 33.35606678700003,35.15815414700006,0 33.35607150700002,35.15822571700005,0 33.35598379900006,35.15822620200004,0</coordinates></LinearRing></outerBoundaryIs></Polygon></MultiGeometry>",68,1575
1583,"<MultiGeometry><Polygon><outerBoundaryIs><LinearRing><coordinates> 33.35160395500003,35.15800393000006,0 33.35158636500006,35.15799416000004,0 33.35160021600007,35.15798053600003,0 33.35161731800002,35.15798989900003,0 33.35160395500003,35.15800393000006,0</coordinates></LinearRing></outerBoundaryIs></Polygon></MultiGeometry>",69,1583
1583,"<MultiGeometry><Polygon><outerBoundaryIs><LinearRing><coordinates> 33.36562648800003,35.15780082900005,0 33.36561666200004,35.15778212100003,0 33.36564243400005,35.15777208700007,0 33.36565273100007,35.15779160900007,0 33.36562648800003,35.15780082900005,0</coordinates></LinearRing></outerBoundaryIs></Polygon></MultiGeometry>",70,1583
1583,"<MultiGeometry><Polygon><outerBoundaryIs><LinearRing><coordinates> 33.35115835900007,35.15782297100003,0 33.35117170900003,35.15781015000005,0 33.35119172500004,35.15782275000004,0 33.35117689500004,35.15783636800006,0 33.35115835900007,35.15782297100003,0</coordinates></LinearRing></outerBoundaryIs></Polygon></MultiGeometry>",71,1583
1608,"<MultiGeometry><Polygon><outerBoundaryIs><LinearRing><coordinates> 33.35351399300004,35.15734179800006,0 33.35346867700002,35.15737655900006,0 33.35338720000004,35.15729308500005,0 33.35338127000006,35.15728701000006,0 33.35336467400003,35.15727208600004,0 33.35327929600004,35.15718500000003,0 33.35330767600004,35.15716366700008,0 33.35347869000003,35.15703511300006,0 33.35350177100003,35.15701788000007,0 33.35368818300003,35.15720818100004,0 33.35351399300004,35.15734179800006,0</coordinates></LinearRing></outerBoundaryIs></Polygon></MultiGeometry>",72,1608
1583,"<MultiGeometry><Polygon><outerBoundaryIs><LinearRing><coordinates> 33.35383561900005,35.15705204400007,0 33.35384839100004,35.15704202200004,0 33.35385623700006,35.15703962800006,0 33.35386552900008,35.15704367500007,0 33.35386697200005,35.15705091700005,0 33.35386106800007,35.15705813900007,0 33.35384928200006,35.15706655500003,0 33.35384241600008,35.15706895100004,0 33.35383604700007,35.15706933600006,0 33.35382969300008,35.15706489700006,0 33.35382824400006,35.15705966500008,0 33.35383561900005,35.15705204400007,0</coordinates></LinearRing></outerBoundaryIs></Polygon></MultiGeometry>",73,1583
1583,"<MultiGeometry><Polygon><outerBoundaryIs><LinearRing><coordinates> 33.35075052600007,35.16545105600005,0 33.35065515900004,35.16548421800007,0 33.35061421300003,35.16540553500005,0 33.35071008200004,35.16537276900004,0 33.35075052600007,35.16545105600005,0</coordinates></LinearRing></outerBoundaryIs></Polygon></MultiGeometry>",74,1583
1583,"<MultiGeometry><Polygon><outerBoundaryIs><LinearRing><coordinates> 33.35388781000006,35.15701073200006,0 33.35388771800007,35.15701169200003,0 33.35388744500006,35.15701262800008,0 33.35388699800006,35.15701351700005,0 33.35388638500007,35.15701433700008,0 33.35388562500003,35.15701506900007,0 33.35388473500007,35.15701569400005,0 33.35388373700005,35.15701619700008,0 33.35388265300003,35.15701656500005,0 33.35388151400008,35.15701679000006,0 33.35388034800008,35.15701686700004,0 33.35387917900005,35.15701679100005,0 33.35387804000004,35.15701656700003,0 33.35387695800006,35.15701619900005,0 33.35387595900005,35.15701569600003,0 33.35387506700005,35.15701507200004,0 33.35387430700007,35.15701434100004,0 33.35387369400007,35.15701352100007,0 33.35387324600004,35.15701263200003,0 33.35387297200003,35.15701169700003,0 33.35387287900005,35.15701073800005,0 33.35387297100004,35.15700977800003,0 33.35387324400006,35.15700884300003,0 33.35387369100005,35.15700795400005,0 33.35387430400004,35.15700713300004,0 33.35387506400008,35.15700640100005,0 33.35387595400005,35.15700577700005,0 33.35387695200006,35.15700527400003,0 33.35387803600003,35.15700490500007,0 33.35387917500003,35.15700468100005,0 33.35388034100004,35.15700460400007,0 33.35388151000007,35.15700468000006,0 33.35388264900007,35.15700490400008,0 33.35388373100005,35.15700527100006,0 33.35388473000006,35.15700577400003,0 33.35388562200006,35.15700639900007,0 33.35388638200004,35.15700713000007,0 33.35388699500004,35.15700794900005,0 33.35388744300008,35.15700883900007,0 33.35388771700008,35.15700977400007,0 33.35388781000006,35.15701073200006,0</coordinates></LinearRing></outerBoundaryIs></Polygon></MultiGeometry>",75,1583
1583,"<MultiGeometry><Polygon><outerBoundaryIs><LinearRing><coordinates> 33.35414391500007,35.15671860500004,0 33.35414383000006,35.15671960800006,0 33.35414357700006,35.15672059000008,0 33.35414315800006,35.15672153400004,0 33.35414258500003,35.15672242100004,0 33.35414186600008,35.15672323400003,0 33.35414101700007,35.15672395700005,0 33.35414005400003,35.15672457600005,0 33.35413899500003,35.15672507800008,0 33.35413786100003,35.15672545500007,0 33.35413667400007,35.15672569800006,0 33.35413545700004,35.15672580300003,0 33.35413423500006,35.15672576900005,0 33.35413303100006,35.15672559500007,0 33.35413186700004,35.15672528500005,0 33.35413076700007,35.15672484500004,0 33.35412975400004,35.15672428400006,0 33.35412884400006,35.15672361200006,0 33.35412805700003,35.15672284300007,0 33.35412740900006,35.15672199200003,0 33.35412691100004,35.15672107400008,0 33.35412657300003,35.15672010800006,0 33.35412640200008,35.15671911400006,0 33.35412640200008,35.15671810900005,0 33.35412657200004,35.15671711400006,0 33.35412690900006,35.15671614800004,0 33.35412740500004,35.15671523000003,0 33.35412805300007,35.15671437900005,0 33.35412883800007,35.15671360900006,0 33.35412974800005,35.15671293600008,0 33.35413076200007,35.15671237400005,0 33.35413186100004,35.15671193300005,0 33.35413302400008,35.15671162300004,0 33.35413422800008,35.15671144800007,0 33.35413545000006,35.15671141300004,0 33.35413666800002,35.15671151700008,0 33.35413785300005,35.15671175900008,0 33.35413898800005,35.15671213600007,0 33.35414004800003,35.15671263700006,0 33.35414101200007,35.15671325600005,0 33.35414186200006,35.15671397800003,0 33.35414258100008,35.15671479000002,0 33.35414315500003,35.15671567700008,0 33.35414357500002,35.15671662000005,0 33.35414382900007,35.15671760300006,0 33.35414391500007,35.15671860500004,0</coordinates></LinearRing></outerBoundaryIs></Polygon></MultiGeometry>",76,1583
